OUTFALL No. / LOCATION,PARAMETER,SAMPLE MEASURE UNIT,FREQUENCY / SAMPLE TYPE,,,1/1 TO 2/28/1997,,3/1 TO 5/31/1997,,6/1 TO 8/31/1997,,9/1 TO 11/30/1997,,12/1 TO 2/28/1998,,3/1 TO 5/31/1998,,6/1 TO 8/31/1998,,9/1 TO 11/30/1998,,12/1/1998 TO 2/28/1999,,3/1 TO 5/31/1999,,6/1 TO 8/31/1999,,9/1 TO 11/30/1999,,12/1/1999 TO 2/29/2000,,3/1 TO 5/31/2000,,6/1 TO 8/31/2000,,9/1 TO 11/30/2000,,12/1/2000 TO 2/29/2001,,3/1 TO 5/31/2001,,6/1 TO 8/31/2001,,9/1 TO 11/30/2001,,12/1/2001 TO 2/28/2002,,3/1 TO 5/31/2002,,6/1 TO 8/31/2002,,9/1 TO 11/30/2002,,12/1/2002 TO 2/28/2003,,3/1 TO 5/31/2003,,6/1 TO 8/31/2003,,9/1 TO 11/30/2003,,12/1/2003 TO 2/29/2004,,3/1 TO 5/31/2004,,6/1 TO 8/31/2004,,9/1 TO 11/30/2004,,12/1/2004 TO 2/28/2005,,3/1 TO 5/31/2005,,6/1 TO 8/31/2005,,9/1 TO 11/30/2005,,12/1/2005 TO 2/28/2006,,3/1 TO 5/31/2006,,6/1 TO 8/31/2006,,9/1 TO 11/30/2006,,12/1/2006 TO 2/28/2007,,3/1 TO 5/31/2007,,6/1 TO 8/31/2007,,9/1 TO 11/30/2007,,12/1/2007 TO 2/28/2008,,3/1 TO 5/31/2008,,6/1 TO 8/31/2008,,9/1 TO 11/30/2008,,12/1/2008 TO 2/28/2009,,3/1 TO 5/31/2009,,6/1 TO 8/31/2009,,9/1 TO 11/30/2009,,12/1/2009 TO 2/28/2010,,3/1 TO 5/31/2010,,6/1 TO 8/31/2010,,9/1 TO 11/30/2010,,12/1/2010 TO 2/28/2011,,3/1 TO 5/31/2011,,6/1 TO 8/31/2011,,9/1 TO 11/30/2011,,12/1/2011 TO 2/28/2012,,3/1 TO 5/31/2012,,6/1 TO 8/31/2012,,9/1 TO 11/30/2012,,12/1/2012 TO 2/28/2013,,3/1 TO 5/31/2013,,6/1 TO 8/31/2013,,9/1 TO 11/30/2013,,12/1/2013 TO 2/28/2014,,3/1 TO 5/31/2014,,6/1 TO 8/31/2014,,9/1 TO 11/30/2014,,12/1/2014 TO 2/28/2015,,3/1 TO 5/31/2015,,6/1 TO 8/31/2015,,9/1 TO 11/30/2015,,12/1/2015 TO 2/28/2016,,3/1 TO 5/31/2016,,6/1 TO 8/31/2016,,9/1 TO 11/30/2016,,12/1/2016 TO 2/28/2017,,3/1 TO 5/31/2017,,6/1 TO 8/31/2017,,9/1 TO 11/30/2017,,12/1/2017 TO 2/28/2018
1 - UNIVERSITY & I-630,"SELENIUM, TOTAL RECOVERABLE (NO LONGER REQUIRED 9/1/2005)",UG/L,1 / 3 MO.,COMP/GRAB,<,5.000,,5.000,<,2.000,<,2.000,<,2.000,<,2.000,,5.000,,6.000,<,2.000,<,2.000,<,2.000,<,2.000,<,2.000,<,2.000,<,2.000,<,2.000,<,2.000,<,2.000,<,2.000,<,2.000,<,2.000,<,2.000,<,2.000,<,2.000,<,2.000,<,2.000,<,2.000,<,2.000,<,2.000,<,2.000,<,2.000,<,2.000,,0.984,<,0.100,,4.400,,,,,,,,,,,,,,,,,,,,,,,,,,,,,,,,,,,,,,,,,,,,,,,,,,,,,,,,,,,,,,,,,,,,,,,,,,,,,,,,,,,,,,,,,,,,,,,,,,,,
1 - UNIVERSITY & I-630,"BERYLLIUM, (BE) TOTAL RECOVERABLE (NO LONGER REQUIRED 9/1/2005)",UG/L,1 / 3 MO.,COMP/GRAB,<,0.500,,0.500,<,1.000,<,1.000,,10.000,<,1.000,<,1.000,<,1.000,<,1.000,<,1.000,<,1.000,<,1.000,<,1.000,<,1.000,<,1.000,<,1.000,<,1.000,<,1.000,<,1.000,<,1.000,<,1.000,<,1.000,<,1.000,<,1.000,<,1.000,<,1.000,<,1.000,<,1.000,<,1.000,<,1.000,<,1.000,<,1.000,,1.090,<,0.100,<,0.100,,,,,,,,,,,,,,,,,,,,,,,,,,,,,,,,,,,,,,,,,,,,,,,,,,,,,,,,,,,,,,,,,,,,,,,,,,,,,,,,,,,,,,,,,,,,,,,,,,,,
1 - UNIVERSITY & I-630,"NICKEL, TOTAL RECOVERABLE  (NO LONGER REQUIRED 9/1/2005)",UG/L,1 / 3 MO.,COMP/GRAB,,6.400,,8.200,<,1.000,,4.600,,3.000,,9.200,,4.900,<,1.000,,35.100,,11.900,<,1.000,<,5.000,<,1.000,<,1.000,<,1.000,<,1.000,<,1.000,<,1.000,<,1.000,<,1.000,<,1.000,<,5.000,<,1.000,<,1.000,<,1.000,<,1.000,<,1.000,<,1.000,<,1.000,<,1.000,<,0.005,<,0.000,<,5.000,<,0.100,,4.600,,,,,,,,,,,,,,,,,,,,,,,,,,,,,,,,,,,,,,,,,,,,,,,,,,,,,,,,,,,,,,,,,,,,,,,,,,,,,,,,,,,,,,,,,,,,,,,,,,,,
1 - UNIVERSITY & I-630,"CHROMIUM, TOTAL RECOVERABLE  (NO LONGER REQUIRED 9/1/2005)",UG/L,1 / 3 MO.,COMP/GRAB,<,5.000,,7.950,<,1.000,<,1.000,,2.000,<,10.000,<,1.000,<,1.000,<,1.000,<,1.000,<,1.000,<,1.000,<,1.000,<,1.000,<,5.000,<,5.000,<,0.000,<,5.000,<,5.000,<,5.000,<,5.000,<,5.000,<,5.000,<,1.000,<,5.000,<,5.000,<,5.000,<,5.000,<,1.000,<,5.000,<,3.000,<,5.000,<,5.000,<,0.100,,7.070,,,,,,,,,,,,,,,,,,,,,,,,,,,,,,,,,,,,,,,,,,,,,,,,,,,,,,,,,,,,,,,,,,,,,,,,,,,,,,,,,,,,,,,,,,,,,,,,,,,,
1 - UNIVERSITY & I-630,"MERCURY, TOTAL RECOVERABLE  (NO LONGER REQUIRED 9/1/2005)",UG/L,1 / 3 MO.,COMP/GRAB,<,0.200,,0.300,<,1.000,,13.400,,3.000,<,1.000,,1.000,<,1.000,,3.900,,1.200,<,0.200,<,0.200,<,0.200,<,0.200,<,0.200,<,0.200,<,0.200,<,0.200,<,0.200,<,0.200,<,0.200,<,0.200,<,0.200,<,0.200,<,0.200,<,0.200,<,0.200,<,0.200,<,0.200,<,0.200,<,0.200,<,0.200,<,0.200,<,0.200,<,0.460,,,,,,,,,,,,,,,,,,,,,,,,,,,,,,,,,,,,,,,,,,,,,,,,,,,,,,,,,,,,,,,,,,,,,,,,,,,,,,,,,,,,,,,,,,,,,,,,,,,,
1 - UNIVERSITY & I-630,"CYANIDE, TOTAL  (NO LONGER REQUIRED 9/1/2005)",UG/L,1 / 3 MO.,COMP/GRAB,,22.900,,10.000,<,9.000,<,9.000,,3.000,,2.000,<,9.000,<,9.000,<,9.000,<,9.000,<,9.000,,13.000,<,9.000,<,9.000,<,9.000,<,9.000,<,9.000,<,9.000,<,9.000,<,9.000,<,9.000,<,9.000,<,9.000,<,9.000,<,9.000,<,9.000,<,9.000,<,9.000,<,9.000,<,9.000,<,0.009,<,9.000,,0.009,<,0.009,<,0.009,,,,,,,,,,,,,,,,,,,,,,,,,,,,,,,,,,,,,,,,,,,,,,,,,,,,,,,,,,,,,,,,,,,,,,,,,,,,,,,,,,,,,,,,,,,,,,,,,,,,
1 - UNIVERSITY & I-630,"BOD, 5 DAY",MG/L,1 / 3 MO.,COMP/GRAB,,15.000,,26.000,,4.400,,7.400,,2.900,,7.500,,18.700,,23.900,,23.000,,5.400,,14.200,,14.800,,10.500,,15.700,,42.500,,12.700,,27.900,,6.200,,2.500,,9.400,,14.000,,2.500,,4.700,,4.300,,9.500,,8.900,,10.200,,2.800,,7.500,,12.400,,4.000,,4.000,,1.300,,6.190,,8.480,,4.500,,9.030,,6.580,,10.800,,7.510,,11.000,,10.560,,6.180,,3.800,,5.400,,4.500,,5.300,,6.000,,4.400,,2.000,,2.600,,3.200,,3.800,,3.900,,5.400,,6.000,,4.500,,9.200,,24.400,,6.300,,5.000,,7.000,,5.000,,5.000,,6.000,,3.000,,15.000,,11.000,,6.000,,12.000,,8.000,,8.000,,10.000,,11.000,,4.000,,15.000,,8.000,,4.000,,4.000,,4.000,<,0.200,,3.000,,4.000,,20.000,,4.000
1 - UNIVERSITY & I-630,PH,SU,1 / 3 MO.,GRAB,,7.490,,7.550,,6.900,,6.650,,7.400,,7.530,,5.700,,7.900,,5.960,,6.710,,5.300,,6.700,,6.920,,7.760,,6.880,,6.760,,6.910,,6.910,,6.560,,6.790,,6.870,,6.510,,7.100,,6.960,,7.330,,6.260,,6.570,,6.860,,6.790,,6.940,,6.860,,6.220,,6.510,,6.040,,6.910,,7.090,,7.160,,6.770,,6.350,,6.620,,6.800,,6.910,,6.470,,6.560,,6.800,,5.970,,6.730,,7.470,,6.520,,7.350,,7.020,,7.120,,6.980,,7.060,,7.180,,7.060,,6.240,,6.620,,6.060,,6.610,,6.700,,7.500,,7.000,,6.700,,8.000,,10.100,,7.900,,7.600,,7.400,,7.400,,7.300,,7.100,,7.000,,6.800,,6.800,,7.300,,6.900,,6.800,,7.600,,7.600,,7.100,,7.000,,6.600,,7.400,,6.900
1 - UNIVERSITY & I-630,"SOLIDS, TOTAL SUSPENDED",MG/L,1 / 3 MO.,COMP/GRAB,,24.000,,48.000,,5.600,,8.400,,1.200,,12.000,,56.400,,43.000,,28.500,,15.000,,51.000,,231.000,,16.000,,43.000,,46.000,,8.800,,70.000,,1.000,,16.000,,21.000,,19.000,,9.600,,6.500,,16.000,,37.600,,7.000,,10.000,,7.000,,42.000,,50.000,,8.000,,19.000,,34.000,,5.000,,14.000,,3.000,,1.000,,29.000,,1.000,,12.000,,9.000,,29.300,,53.500,,12.000,,25.300,,24.000,,13.300,,9.000,,24.200,,5.200,,11.600,,360.000,,10.000,,31.000,,15.000,,19.000,,30.000,,5.000,,20.000,,12.000,,20.400,<,1.000,,32.000,,25.000,,68.000,,10.000,,192.000,,122.000,,1.000,,29.000,,81.000,,14.000,,2.000,,23.000,,36.000,,41.000,,4.000,,20.000,,20.000,,1.000,,2.000,,1.000,,10.000,,21.000,,3.000
1 - UNIVERSITY & I-630,OIL & GREASE,MG/L,1 / 3 MO.,GRAB,,4.330,,5.110,<,0.100,,1.500,,3.600,,2.500,,1.800,,0.900,,0.100,,2.300,,1.400,,3.600,,1.200,,4.900,,1.500,,2.100,,1.800,,1.100,,1.300,,1.900,,1.400,,2.400,,1.300,,2.200,,2.200,,2.400,,2.400,,1.800,,1.300,,1.000,,1.100,,1.300,,1.000,,0.900,,1.000,,0.700,,0.100,,0.400,,0.300,,0.500,,0.500,,0.600,,0.400,,0.300,,0.500,,0.400,,0.400,,0.500,,2.500,,0.400,,0.700,,0.300,,3.000,,1.300,,0.600,,1.700,,0.900,,0.900,,0.600,,0.800,,0.600,,1.400,<,1.400,,1.400,,3.600,<,1.400,<,1.400,,3.900,,3.700,,5.700,<,1.400,<,1.400,,1.400,<,2.400,<,1.400,,3.400,,4.100,<,1.400,,2.000,,4.300,,7.800,,1.600,,2.400,,6.600,,1.400
1 - UNIVERSITY & I-630,"NITROGEN, TOTAL",MG/L,1 / 3 MO.,COMP/GRAB,,1.400,,5.590,<,1.370,,1.110,,18.860,,1.315,,2.592,,2.642,,2.993,,1.212,,5.105,,4.020,,5.424,,12.720,,7.260,,2.560,,5.890,,2.170,,4.160,,1.790,<,0.050,<,0.050,<,0.680,<,0.050,<,0.050,,0.510,,0.500,,0.520,,0.490,,0.490,,0.740,,0.050,,3.140,<,0.050,<,0.050,,0.920,,0.110,,0.835,,1.155,,0.860,,1.125,,1.459,,0.725,,2.530,,1.750,,1.430,,1.850,,0.068,,1.870,,0.960,,0.740,,2.360,,1.050,,1.340,,6.510,,0.560,,0.850,,0.405,,1.950,,2.490,,1.350,,0.460,,1.770,,1.120,,1.360,,2.240,,7.000,,2.520,,0.610,,0.810,,0.850,,0.520,,0.360,,0.390,,0.940,,0.420,,1.570,,0.540,,1.300,,1.550,,1.170,,0.650,,0.660,,1.670,,0.720
1 - UNIVERSITY & I-630,"NITROGEN, KJELDAHL  (NO LONGER REQUIRED 12-2013)",MG/L,1 / 3 MO.,COMP/GRAB,,1.230,,5.040,,0.200,,0.380,,1.005,,1.020,,1.020,,1.990,,1.800,,0.960,,4.250,,3.560,,5.010,,9.130,,6.120,,1.790,,5.540,,1.950,,4.110,,1.740,,3.350,,2.170,,2.300,,3.240,,2.860,,5.810,,17.200,,0.520,,1.270,,0.860,,9.500,,0.600,,1.110,,3.500,,4.810,,0.050,,0.050,,0.330,,0.750,,2.600,,0.763,,0.450,<,1.000,,3.400,<,1.000,,0.520,<,1.000,<,0.500,,0.200,,0.890,,0.100,<,0.228,,0.402,,0.290,,0.143,,0.093,,0.494,,0.337,<,0.050,,0.630,,0.270,,0.460,,1.640,,0.990,,1.240,,0.880,,2.350,,0.800,,,,,,,,,,,,,,,,,,,,,,,,,,,,,,,,,,
1 - UNIVERSITY & I-630,"PHOSPHORUS, DISSOLVED",MG/L,1 / 3 MO.,COMP/GRAB,,0.200,,0.280,,0.240,,0.241,,0.072,,0.145,,0.266,,0.353,,0.159,,0.276,,0.320,,0.670,,0.330,,0.940,,2.740,,0.910,,0.760,,1.720,,0.570,,0.700,,1.060,,0.400,,0.450,,1.160,,0.330,,0.700,,0.430,,0.198,,0.410,,0.517,,0.340,,1.235,,0.498,,0.006,,0.226,,0.378,,0.296,,0.039,,0.368,,0.275,,0.083,,0.132,,0.720,<,0.100,,0.110,,0.300,<,1.000,,0.916,,0.700,,1.000,,1.700,,5.800,,0.920,,1.000,,2.500,,0.800,,0.400,,0.150,,0.300,,0.200,,0.880,,0.220,,0.110,,0.260,,0.350,,0.070,,0.510,,0.280,,0.060,,0.250,,0.420,,0.120,,0.120,,0.110,,0.110,,0.180,<,0.050,,0.070,,0.110,,0.090,,0.100,,0.060,,0.270,,0.210,,0.110
1 - UNIVERSITY & I-630,HARDNESS (CACO3) TOTAL,MG/L,1 / 3 MO.,COMP/GRAB,,68.000,,42.000,,12.000,,0.000,,68.900,,13.000,,42.000,,80.000,,84.000,,26.000,,24.000,,26.000,,22.000,,40.000,,28.000,,44.000,,36.000,,26.000,,50.000,,72.500,,20.000,,26.000,,72.000,,20.000,,10.000,,12.000,,8.000,,28.000,,6.000,,60.000,,104.000,,100.000,,56.000,,16.000,,16.000,,22.000,,76.000,,26.000,,36.000,,14.500,,10.200,,4.620,,2.160,,1.850,,13.400,,40.000,,97.100,,1.530,,22.000,,60.000,,68.000,,28.000,,44.000,,46.000,,50.000,,30.000,,22.000,,42.000,,32.000,,23.000,,11.000,,16.000,,48.000,,44.000,,40.000,,72.000,,130.000,,60.000,,80.000,,104.000,,91.000,,24.000,,64.000,,72.000,,44.000,,9.000,,68.000,,10.000,,60.000,,44.000,,56.000,,40.000,,36.000,,54.000,,44.000
,,,,,,,,,,,,,,,,,,,,,,,,,,,,,,,,,,,,,,,,,,,,,,,,,,,,,,,,,,,,,,,,,,,,,,,,,,,,,,,,,,,,,,,,,,,,,,,,,,,,,,,,,,,,,,,,,,,,,,,,,,,,,,,,,,,,,,,,,,,,,,,,,,,,,,,,,,,,,,,,,,,,,,,,,,,,,,
,,,,,,,,,,,,,,,,,,,,,,,,,,,,,,,,,,,,,,,,,,,,,,,,,,,,,,,,,,,,,,,,,,,,,,,,,,,,,,,,,,,,,,,,,,,,,,,,,,,,,,,,,,,,,,,,,,,,,,,,,,,,,,,,,,,,,,,,,,,,,,,,,,,,,,,,,,,,,,,,,,,,,,,,,,,,,,
,,,,,,,,,,,,,,,,,,,,,,,,,,,,,,,,,,,,,,,,,,,,,,,,,,,,,,,,,,,,,,,,,,,,,,,,,,,,,,,,,,,,,,,,,,,,,,,,,,,,,,,,,,,,,,,,,,,,,,,,,,,,,,,,,,,,,,,,,,,,,,,,,,,,,,,,,,,,,,,,,,,,,,,,,,,,,,
1 - UNIVERSITY & I-630,"SILVER, TOTAL RECOVERABLE",UG/L,1 / 3 MO.,COMP/GRAB,<,1.000,,1.000,<,1.000,<,3.000,,10.000,<,10.000,<,1.000,<,1.000,<,1.000,<,1.000,<,1.000,<,1.000,<,5.000,<,5.000,<,5.000,<,5.000,<,5.000,<,5.000,<,5.000,<,5.000,<,5.000,<,5.000,<,5.000,<,5.000,<,5.000,<,5.000,<,5.000,<,5.000,<,5.000,<,5.000,<,5.000,<,5.000,<,5.000,<,0.100,<,0.100,<,0.100,<,1.000,<,0.001,<,0.001,<,0.001,<,0.001,<,0.001,<,0.001,<,1.000,<,1.000,,0.500,<,1.000,<,0.200,<,0.100,,0.100,<,0.200,<,0.100,<,0.100,,19.800,<,0.100,<,0.100,<,0.100,<,0.100,<,0.100,<,0.100,<,0.100,<,0.500,<,0.500,<,0.500,<,0.500,<,0.500,<,0.500,<,0.500,<,0.500,<,0.500,<,0.500,,6.000,<,0.500,,2.000,<,0.500,,1.000,<,0.500,,44.000,,15.300,,4.000,,7.000,,0.500,,0.500,,4.000,,0.500
1 - UNIVERSITY & I-630,"ZINC, TOTAL RECOVERABLE",UG/L,1 / 3 MO.,COMP/GRAB,,9.700,,140.000,,47.000,,96.000,,90.000,,81.000,,381.000,,241.000,,142.000,,97.000,,164.000,,325.000,,110.000,,140.000,,38.000,,100.000,,64.000,,11.000,,5.000,,5.000,<,1.000,<,5.000,<,5.000,<,5.000,<,5.000,<,5.000,<,5.000,<,5.000,<,5.000,<,5.000,<,5.000,<,5.000,<,5.000,,71.800,,11.000,,53.200,<,1.000,,0.090,,0.060,,0.420,,0.061,,0.112,,0.054,,27.600,,44.000,,61.500,,35.000,,30.400,,44.200,,23.900,,36.100,,97.900,,36.100,<,0.200,,34.300,,65.300,,44.200,,46.900,,11.800,,35.400,,18.400,<,1.000,,107.000,<,1.000,,13.500,<,1.000,,726.560,<,704.000,,166.000,,32.000,,14.000,,61.000,,62.000,,105.000,,42.500,<,54.000,,6.300,,91.000,,33.020,,51.000,,50.000,,41.000,,76.000,,124.000,,39.600
1 - UNIVERSITY & I-630,"CADMIUM, TOTAL RECOVERABLE",UG/L,1 / 3 MO.,COMP/GRAB,,0.522,,0.500,<,1.000,,4.000,<,10.000,<,1.000,<,1.000,,2.000,,5.000,<,1.000,<,1.000,<,1.000,<,1.000,<,1.000,<,1.000,<,1.000,<,1.000,<,1.000,<,5.000,<,1.000,<,1.000,<,1.000,<,1.000,<,1.000,<,1.000,<,1.000,<,1.000,<,1.000,<,1.000,<,1.000,<,1.000,<,1.000,,1.350,<,0.100,,7.720,<,0.100,<,1.000,<,0.001,<,0.001,<,0.001,<,0.001,,0.014,<,0.001,<,1.000,<,1.000,,0.500,<,1.000,,0.200,<,0.110,,0.100,,0.500,<,0.300,,0.280,,1.000,,1.170,,2.070,<,0.100,,2.460,<,0.100,<,0.100,,2.510,<,0.100,<,0.100,<,0.100,<,0.500,<,0.100,<,0.100,<,0.100,<,0.100,<,0.100,<,0.100,,7.000,<,0.100,,1.000,<,0.100,<,0.100,,3.400,<,0.100,,3.210,,1.000,,2.000,,3.000,,1.000,,0.600,,0.100
1 - UNIVERSITY & I-630,"LEAD, TOTAL RECOVERABLE",UG/L,1 / 3 MO.,COMP/GRAB,,17.450,,28.800,,1.900,,9.100,,15.000,,4.000,,8.000,,4.000,,9.800,,1.500,<,1.000,,62.000,,8.100,,4.000,,1.000,,1.000,,1.000,<,1.000,<,1.000,<,1.000,<,1.000,<,1.000,<,1.000,<,1.000,<,1.000,<,1.000,<,1.000,<,1.000,<,1.000,<,1.000,<,1.000,<,1.000,<,1.000,<,2.000,,6.500,<,0.100,<,1.000,<,0.005,,0.003,<,0.002,,0.002,<,0.001,,0.005,,2.700,,3.800,,2.900,,2.100,,2.310,,4.700,,1.200,,2.520,,17.100,,3.900,,9.200,,2.800,,26.200,<,0.100,,5.760,<,0.100,,2.650,,6.460,<,0.500,,3.700,,2.800,<,0.500,,195.000,,6.190,,35.000,<,0.500,<,9.000,<,0.500,<,0.500,<,0.500,,4.000,<,0.500,,4.000,<,0.500,,48.000,,15.040,,9.000,<,0.500,,8.000,,0.500,,4.000,,0.500
,,,,,,,,,,,,,,,,,,,,,,,,,,,,,,,,,,,,,,,,,,,,,,,,,,,,,,,,,,,,,,,,,,,,,,,,,,,,,,,,,,,,,,,,,,,,,,,,,,,,,,,,,,,,,,,,,,,,,,,,,,,,,,,,,,,,,,,,,,,,,,,,,,,,,,,,,,,,,,,,,,,,,,,,,,,,,,
1 - UNIVERSITY & I-630,"COPPER, TOTAL RECOVERABLE",UG/L,1 / 3 MO.,COMP/GRAB,,8.460,,14.700,,8.400,,21.000,,3.000,,20.000,,35.000,,20.000,,20.000,<,1.000,,19.000,,33.000,<,1.000,<,5.000,<,5.000,<,5.000,<,5.000,<,5.000,<,5.000,<,5.000,<,5.000,<,5.000,<,5.000,<,5.000,<,5.000,<,5.000,<,5.000,<,5.000,<,5.000,<,5.000,<,5.000,<,5.000,<,5.000,<,5.740,,8.560,<,0.100,,1.500,<,0.020,,0.019,,0.007,,0.014,,0.036,,0.009,,4.200,,6.500,,17.900,,16.800,,11.400,,11.700,,6.600,,13.100,,18.300,,15.000,,0.510,,9.700,,10.000,,6.700,,8.600,,0.750,,7.500,,5.950,<,0.500,,14.000,,5.900,,10.400,,32.000,,153.000,,120.000,,0.500,,18.000,,4.000,,11.000,,6.000,,27.000,,11.000,,10.000,<,0.500,,6.000,,12.990,,5.000,,18.000,,7.000,,9.000,,22.000,,4.400
1 - UNIVERSITY & I-630,FLOW IN CONDUIT / THRU TREAT. PLANT,MGD,1 / 3 MO.,INST,,0.720,,0.043,,0.215,,2.690,,0.121,,5.000,,0.144,,4.090,,0.323,,6.460,,0.100,,6.030,,3.876,,12.920,,2.369,,4.030,,1.680,,3.770,,3.230,,1.615,,1.884,,29.070,,2.380,,6.920,,3.440,,2.584,,1.938,,2.580,,3.876,,2.580,,3.196,,2.584,,2.385,,3.130,,3.756,,3.876,,2.584,,3.230,,0.007,,1.080,,1.350,,4.800,,2.583,,2.580,,6.460,,1.292,,1.615,,0.202,,0.335,,1.292,,4.849,,1.076,,1.938,,2.907,,0.645,,2.155,,12.113,,1.482,,5.814,,3.016,,2.180,,0.001580,,0.004262,<,0.000720,,0.010800,,0.048600,,0.021600,<,0.144000,,0.001958,,0.005760,,0.008640,,0.086400,,0.002880,,0.244800,,3.000000,,0.043000,,0.864000,,0.028800,,1.632000,,0.010800,,0.019400,,12.910000,,0.045500,,0.017280,,0.004320
1 - UNIVERSITY & I-630,"SOLIDS, TOTAL DISSOLVED",MG/L,1 / 3 MO.,COMP/GRAB,,172.000,,64.000,,126.000,,61.500,,46.000,,33.500,,42.500,,142.000,,167.000,,23.000,,26.500,,20.500,,14.000,,41.000,,72.500,,61.500,,136.000,,76.000,,55.500,,50.000,,36.000,,24.000,,55.000,,37.500,,109.000,,40.000,,38.000,,16.500,,45.000,,35.000,,24.500,,32.500,,64.000,,124.000,,157.000,,102.000,,71.000,,51.000,,93.000,,38.000,,203.000,,97.000,,88.000,,88.000,,65.000,,132.000,,109.000,,48.000,,58.000,,59.000,,45.000,,716.000,,90.000,,214.000,,126.000,,70.000,,32.000,,87.000,,102.000,,62.000,,165.000,,78.000,,128.000,,124.000,,310.000,,132.000,,260.000,,52.000,,150.000,,22.000,,12.000,,54.000,,46.000,,16.000,,150.000,,44.000,,58.000,,46.000,,69.000,,114.000,,180.000,,112.000,,48.000,,86.000,,52.000
,,,,,,,,,,,,,,,,,,,,,,,,,,,,,,,,,,,,,,,,,,,,,,,,,,,,,,,,,,,,,,,,,,,,,,,,,,,,,,,,,,,,,,,,,,,,,,,,,,,,,,,,,,,,,,,,,,,,,,,,,,,,,,,,,,,,,,,,,,,,,,,,,,,,,,,,,,,,,,,,,,,,,,,,,,,,,,
1 - UNIVERSITY & I-630,"STREPTOCOCCI, FECAL MATERIAL",#/100ML,1 / 3 MO.,GRAB,,77,,295,,590,,1037,,380,,3550,,16000,,3960,,6150,,1600,,2800,,14500,,4600,,15600,,26500,,25000,,225000,,2000,,3500,,11000,,25000,,170000,>,5000000,,8400,,22000,,110000,,260000,,30000,,68000,,70000,,200,,24000,,2200,,900,,990,,40,,15000,,1000,,100,,750,,200,,1250,,500,<,100,,1900,,600,,4700,,2200,,2400,,100,,500,,7000,,2000,,10700,,3000,,9900,,3400,,2300,,11000,,7300,,7500,,48,,1130,<,1,,260,,150,,4210,<,5600,,300,,500,,1950,,392,,1,,180,,160,,110,,77,,205,,200,,450,,560,,1350,,1000,,840,,400
1 - UNIVERSITY & I-630,"E.COLI  (CHANGED FROM COLIFORM, FECAL 8/31/2005)",#/100ML,1 / 3 MO.,GRAB,<,1,,1,,318,,2520,,20,,1230,,1012,,2860,,4650,,260,,4800,,10200,,4800,,4500,,1620,,37000,,8750,,2000,,43000,,2500,,6560,,10000,>,5000000,,18150,,4000,,20000,,150000,,24000,,17500,,57500,,200,,9000,,1490,,30,,190,,50,,40,,50000,,600,,2050,,1500,,3000,,7900,,2000,,1100,,1000,,10300,,1300,,4800,,3200,,500,,5100,,700,,7400,,5000,,2600,,500,,1700,,8000,,1700,,3700,,70,,1000,<,1,,399,,200,,305,,2755,,200,,50,,2000,,350,,1,,245,,103,,100,,161,,250,,225,,1350,,495,,1800,,1250,,870,,135
,,,,,,,,,,,,,,,,,,,,,,,,,,,,,,,,,,,,,,,,,,,,,,,,,,,,,,,,,,,,,,,,,,,,,,,,,,,,,,,,,,,,,,,,,,,,,,,,,,,,,,,,,,,,,,,,,,,,,,,,,,,,,,,,,,,,,,,,,,,,,,,,,,,,,,,,,,,,,,,,,,,,,,,,,,,,,,
1 - UNIVERSITY & I-630,"BOD, CARBONACEOUS 5 DAY (NO LONGER REQUIRED 12-2013)",MG/L,1 / 3 MO.,COMP/GRAB,,12.000,,18.000,,0.800,,6.200,,2.300,,7.000,,20.600,,22.300,,20.100,,5.300,,13.600,,11.600,,9.600,,14.400,,40.200,,10.300,,27.500,,6.000,,2.100,,9.200,,11.200,,2.500,,4.400,,3.200,,7.800,,6.500,,9.300,,1.800,,7.400,,9.800,,3.600,,2.900,,1.300,,6.190,,8.120,,4.300,,8.400,,6.930,,4.980,,6.530,,10.020,,8.454,,4.660,,3.360,,5.820,,5.590,,3.800,,8.000,,3.500,,1.100,,1.500,,2.600,,3.800,,3.500,,5.000,,4.500,,6.500,,15.000,,23.000,,5.600,,3.900,,NO DISCHARGE,,4.000,,3.000,,5.000,<,2.000,,12.000,,6.000,,,,,,,,,,,,,,,,,,,,,,,,,,,,,,,,,,
2 - 33RD & WHITFIELD,"SELENIUM, TOTAL RECOVERABLE (NO LONGER REQUIRED 9/1/2005)",UG/L,1 / 3 MO.,COMP/GRAB,<,5.000,,5.000,<,2.000,,3.000,,3.000,<,2.000,<,2.000,<,2.000,<,2.000,<,2.000,<,2.000,<,2.000,<,2.000,<,2.000,,NO DISCHARGE,<,2.000,<,2.000,<,2.000,<,2.000,<,2.000,<,2.000,<,2.000,<,2.000,<,2.000,<,2.000,<,2.000,<,2.000,<,2.000,<,2.000,<,2.000,<,2.000,<,2.000,<,5.000,<,0.100,,4.320,,,,,,,,,,,,,,,,,,,,,,,,,,,,,,,,,,,,,,,,,,,,,,,,,,,,,,,,,,,,,,,,,,,,,,,,,,,,,,,,,,,,,,,,,,,,,,,,,,,,
2 - 33RD & WHITFIELD,"BERYLLIUM, (BE) TOTAL RECOVERABLE (NO LONGER REQUIRED 9/1/2005)",UG/L,1 / 3 MO.,COMP/GRAB,<,0.500,,0.500,<,1.000,<,1.000,<,1.000,<,1.000,<,1.000,,13.000,<,1.000,<,1.000,<,1.000,<,1.000,<,1.000,<,1.000,,NO DISCHARGE,<,1.000,<,1.000,<,1.000,<,5.000,<,1.000,<,1.000,<,1.000,<,1.000,<,1.000,<,1.000,<,1.000,<,1.000,<,1.000,<,1.000,<,1.000,<,1.000,<,1.000,<,1.000,<,0.100,<,0.100,,,,,,,,,,,,,,,,,,,,,,,,,,,,,,,,,,,,,,,,,,,,,,,,,,,,,,,,,,,,,,,,,,,,,,,,,,,,,,,,,,,,,,,,,,,,,,,,,,,,
2 - 33RD & WHITFIELD,"NICKEL, TOTAL RECOVERABLE  (NO LONGER REQUIRED 9/1/2005)",UG/L,1 / 3 MO.,COMP/GRAB,,3.300,,7.600,<,0.000,<,1.000,,2.000,,11.300,,3.000,,2.000,,29.700,<,1.000,<,1.000,,4.100,<,1.000,,49.000,,NO DISCHARGE,<,1.000,<,1.000,<,1.000,<,1.000,<,1.000,<,1.000,<,5.000,<,1.000,<,1.000,<,1.000,<,1.000,<,1.000,<,1.000,<,1.000,<,1.000,<,0.005,<,5.000,<,5.000,<,0.100,,4.630,,,,,,,,,,,,,,,,,,,,,,,,,,,,,,,,,,,,,,,,,,,,,,,,,,,,,,,,,,,,,,,,,,,,,,,,,,,,,,,,,,,,,,,,,,,,,,,,,,,,
2 - 33RD & WHITFIELD,"CHROMIUM, TOTAL RECOVERABLE  (NO LONGER REQUIRED 9/1/2005)",UG/L,1 / 3 MO.,COMP/GRAB,<,5.000,,5.000,<,1.000,<,5.000,<,1.000,<,1.000,,1.000,,61.000,<,1.000,<,1.000,<,1.000,<,1.000,<,1.000,<,1.000,,NO DISCHARGE,<,5.000,<,5.000,<,5.000,<,5.000,<,5.000,<,5.000,<,5.000,<,5.000,<,1.000,<,5.000,<,5.000,<,5.000,<,5.000,<,1.000,<,5.000,<,3.000,<,5.000,<,5.000,<,0.100,,6.390,,,,,,,,,,,,,,,,,,,,,,,,,,,,,,,,,,,,,,,,,,,,,,,,,,,,,,,,,,,,,,,,,,,,,,,,,,,,,,,,,,,,,,,,,,,,,,,,,,,,
2 - 33RD & WHITFIELD,"MERCURY, TOTAL RECOVERABLE  (NO LONGER REQUIRED 9/1/2005)",UG/L,1 / 3 MO.,COMP/GRAB,<,0.200,,0.200,<,1.000,,200.000,<,1.000,<,1.000,<,1.000,,3.500,,3.000,<,1.000,<,0.200,<,0.200,<,0.200,<,0.200,,NO DISCHARGE,<,0.200,<,0.200,<,0.200,<,0.200,<,0.200,<,0.200,<,0.200,<,0.200,<,0.200,<,0.200,<,0.200,<,0.200,<,0.200,<,0.200,<,0.200,<,0.200,<,0.200,<,0.200,<,0.200,,0.265,,,,,,,,,,,,,,,,,,,,,,,,,,,,,,,,,,,,,,,,,,,,,,,,,,,,,,,,,,,,,,,,,,,,,,,,,,,,,,,,,,,,,,,,,,,,,,,,,,,,
2 - 33RD & WHITFIELD,"CYANIDE, TOTAL  (NO LONGER REQUIRED 9/1/2005)",UG/L,1 / 3 MO.,COMP/GRAB,<,10.000,,10.000,<,9.000,,2.000,,1.000,,2.000,,9.000,<,9.000,<,9.000,<,9.000,<,9.000,<,9.000,<,9.000,<,9.000,,NO DISCHARGE,<,9.000,<,9.000,<,9.000,<,9.000,<,9.000,<,9.000,<,9.000,<,9.000,<,9.000,<,9.000,<,9.000,<,9.000,<,9.000,<,9.000,<,9.000,<,0.009,<,9.000,<,0.009,<,0.009,<,0.009,,,,,,,,,,,,,,,,,,,,,,,,,,,,,,,,,,,,,,,,,,,,,,,,,,,,,,,,,,,,,,,,,,,,,,,,,,,,,,,,,,,,,,,,,,,,,,,,,,,,
2 - 33RD & WHITFIELD,"BOD, 5 DAY",MG/L,1 / 3 MO.,COMP/GRAB,,4.000,,16.000,,6.600,,6.100,,3.900,,36.300,,21.700,,11.200,,17.200,,16.200,,9.200,,27.600,,22.500,,11.800,,NO DISCHARGE,,12.500,,14.300,,5.800,,4.800,,8.300,,17.900,,5.200,,2.200,,4.300,,3.400,,12.300,,14.700,,2.500,,10.700,,24.100,,2.800,,7.400,,10.200,,12.100,,5.040,,11.500,,11.200,,10.900,,8.850,,5.190,,8.574,,4.356,,8.940,,7.270,,6.100,,5.950,,4.800,,11.000,,4.000,,3.500,,3.500,,10.300,,5.400,,2.600,,4.800,,38.000,,5.200,,14.000,,29.000,,9.500,,5.100,,4.000,,3.000,,6.000,,9.000,,6.000,,4.000,,6.000,,6.000,,5.000,,12.000,,9.000,,14.000,,3.000,<,2.000,,13.000,,8.000,,10.000,<,2.000,,3.000,,7.000,,3.000,,6.000,,5.000,,3.000
2 - 33RD & WHITFIELD,PH,SU,1 / 3 MO.,GRAB,,7.410,,7.300,,7.000,,8.400,,7.500,,7.800,,6.430,,6.870,,6.700,,6.950,,7.280,,6.860,,7.000,,7.520,,NO DISCHARGE,,6.960,,6.810,,7.210,,6.710,,6.860,,7.210,,6.590,,7.000,,6.740,,7.140,,7.310,,7.100,,6.610,,6.740,,6.760,,6.530,,6.850,,6.590,,5.920,,6.570,,6.510,,6.900,,6.740,,6.280,,6.560,,6.720,,6.730,,6.530,,6.510,,6.530,,6.270,,6.530,,7.310,,6.810,,6.920,,6.860,,7.020,,7.200,,6.930,,7.160,,7.310,,6.850,,6.470,,6.240,,6.280,,6.700,,7.300,,6.500,,7.800,,7.300,,9.400,,7.500,,7.300,,8.500,,7.000,,6.800,,7.100,,6.800,,6.800,,7.800,,7.200,,6.400,,7.100,,7.200,,10.400,,7.400,,7.100,,6.700,,7.300,,6.600
2 - 33RD & WHITFIELD,"SOLIDS, TOTAL SUSPENDED",MG/L,1 / 3 MO.,COMP/GRAB,<,1.000,,30.000,,80.000,,45.000,,5.200,,484.000,,196.000,,45.000,,156.500,,306.000,,62.000,,30.000,,10.000,,87.000,,NO DISCHARGE,,13.200,,638.000,,7.000,,10.000,,3.500,,20.000,,236.000,,3.000,,34.000,,2.400,,27.000,,20.000,,11.000,,115.000,,285.000,,5.600,,45.000,,92.000,,4.000,,18.000,,10.000,,1.000,,48.000,,1.000,,66.000,,4.000,,3.200,,61.300,,9.000,,126.000,,258.000,,74.000,,6.000,,28.700,,12.400,,13.600,,66.000,,17.000,,32.000,,20.000,,96.000,,112.000,,45.000,,347.000,,23.000,,73.600,,29.000,,41.000,,28.000,,26.000,,20.000,,23.000,,42.000,,1.000,,35.000,,128.000,,23.000,,16.000,,18.000,,22.000,,17.000,,9.000,,32.000,,9.000,,17.000,,3.000,,4.000,,8.000,,4.000,,10.000
2 - 33RD & WHITFIELD,OIL & GREASE,MG/L,1 / 3 MO.,GRAB,,4.520,,2.330,,4.000,,3.500,,4.400,,5.600,,0.600,,1.500,,2.200,,4.700,,0.600,,2.100,,2.000,,3.800,,NO DISCHARGE,,1.100,,1.100,,0.900,,1.500,,2.100,,1.500,,1.500,,0.800,,1.200,,0.500,,2.600,,2.000,,2.200,,1.000,,2.300,,2.100,,1.100,,1.100,,0.700,,0.700,,0.400,,0.200,,0.600,,0.500,,0.400,,0.300,,0.400,,0.100,,0.500,,0.200,,0.500,,0.300,<,0.100,,1.500,,0.700,,0.400,,0.500,,3.900,,2.400,,0.900,,2.700,,0.400,,0.500,,1.300,,0.500,,0.700,<,1.400,,2.100,<,1.400,<,1.400,,2.600,<,1.400,<,1.400,<,1.400,<,1.400,<,1.400,<,1.400,<,1.400,<,1.400,<,1.400,,2.100,<,1.400,,2.400,,1.800,<,1.400,,3.800,,4.600,,7.100,,1.400,,2.100
2 - 33RD & WHITFIELD,"NITROGEN, TOTAL",MG/L,1 / 3 MO.,COMP/GRAB,,1.120,,5.060,,0.475,,0.927,,4.960,,4.504,,4.184,,1.718,,2.230,,2.711,,4.680,,4.130,,2.205,,8.250,,NO DISCHARGE,,1.740,,12.100,,3.290,,1.040,,2.800,<,0.050,<,0.050,<,0.050,<,0.050,<,0.050,<,0.050,<,0.540,<,0.425,<,0.440,<,0.010,<,1.260,<,0.050,,0.115,<,0.050,<,0.050,,0.850,,0.480,,1.250,,0.863,,0.945,,0.588,,0.773,,0.720,,2.320,,2.390,,1.300,,1.870,,1.465,,1.490,,1.010,,1.200,,2.470,,0.875,,1.100,,1.880,,8.930,,2.000,,0.740,,1.950,,2.470,,1.260,,0.650,,2.080,,0.880,,0.690,,1.540,,1.120,,1.960,,0.720,,0.340,,1.170,,0.970,,0.590,,0.650,,0.450,,0.620,,0.780,,0.710,,0.850,,1.080,,0.360,,0.540,,0.490,,0.200,,0.760
2 - 33RD & WHITFIELD,"NITROGEN, KJELDAHL  (NO LONGER REQUIRED 12-2013)",MG/L,1 / 3 MO.,COMP/GRAB,,0.880,,4.480,,0.230,,0.479,,0.097,,3.820,,2.620,,1.170,,1.830,,2.370,,4.450,,3.940,,2.190,,7.330,,NO DISCHARGE,,1.610,,11.300,,2.820,,0.740,,2.750,,4.120,,2.500,,1.420,,2.970,,2.630,,6.590,,12.500,,1.300,,1.580,,4.940,,0.230,,0.660,,1.400,,1.200,,2.220,<,0.050,<,0.050,,0.350,,0.253,<,1.960,,0.560,<,0.100,<,1.000,,2.070,<,1.000,,0.240,,2.380,<,0.500,,0.220,,0.510,,0.370,,0.473,,0.596,,0.040,,0.015,,0.342,,1.083,,0.174,<,0.050,,0.480,,0.040,,0.650,,1.840,,0.820,,0.640,,0.480,,0.810,,0.470,,,,,,,,,,,,,,,,,,,,,,,,,,,,,,,,,,
2 - 33RD & WHITFIELD,"PHOSPHORUS, DISSOLVED",MG/L,1 / 3 MO.,COMP/GRAB,,0.100,,0.200,,0.430,,0.184,,4.400,,0.560,,0.248,,0.171,,0.337,,0.800,,0.360,,2.660,,0.410,,1.310,,NO DISCHARGE,,0.650,,1.100,,1.620,,0.710,,1.070,,1.240,,0.700,,1.420,,1.440,,0.390,,0.950,,0.390,,2.200,,0.290,,0.655,,0.227,,0.437,,0.073,,0.011,,0.209,,0.383,,0.311,,0.310,,0.103,,0.294,,0.068,,0.064,,0.890,<,0.100,,0.160,,0.300,<,1.000,,0.898,,0.800,,1.000,,1.400,,1.000,,0.930,,0.600,,0.400,,0.800,,0.200,,0.120,,0.400,,0.300,,0.920,,0.100,,0.100,,0.130,,0.170,,0.110,,0.200,,0.500,,0.030,,0.380,,0.230,,0.190,,0.150,,0.220,,0.190,,0.280,<,0.050,,0.050,<,0.050,,0.130,<,0.050,,0.050,,0.130,,0.090,,0.080
2 - 33RD & WHITFIELD,HARDNESS (CACO3) TOTAL,MG/L,1 / 3 MO.,COMP/GRAB,,44.000,,50.000,,0.000,,0.000,,60.500,,20.000,<,20.000,,28.000,,56.000,,44.000,,36.000,,32.000,,30.000,,36.000,,NO DISCHARGE,,40.000,,26.000,,30.000,,46.000,,40.000,,30.000,,42.000,,60.000,,16.000,,18.000,,10.000,,10.000,,38.000,,8.000,,82.000,,130.000,,96.000,,62.000,,12.000,,22.000,,20.000,,132.000,,21.000,,33.000,,6.640,,95.700,,4.080,,1.940,,0.930,,9.160,,30.000,,33.600,,3.640,,26.000,,34.000,,30.000,,26.000,,36.000,,24.000,,54.000,,40.000,,28.000,,36.000,,26.000,,25.000,,11.500,,20.000,,24.000,,20.000,,50.000,,44.000,,8.000,,40.000,,36.000,,80.000,,52.000,,28.000,,60.000,,44.000,,24.000,,20.000,,34.000,,2.000,,176.000,,14.000,,96.000,,36.000,,60.000,,88.000,,68.000
,,,,,,,,,,,,,,,,,,,,,,,,,,,,,,,,,,,,,,,,,,,,,,,,,,,,,,,,,,,,,,,,,,,,,,,,,,,,,,,,,,,,,,,,,,,,,,,,,,,,,,,,,,,,,,,,,,,,,,,,,,,,,,,,,,,,,,,,,,,,,,,,,,,,,,,,,,,,,,,,,,,,,,,,,,,,,,
,,,,,,,,,,,,,,,,,,,,,,,,,,,,,,,,,,,,,,,,,,,,,,,,,,,,,,,,,,,,,,,,,,,,,,,,,,,,,,,,,,,,,,,,,,,,,,,,,,,,,,,,,,,,,,,,,,,,,,,,,,,,,,,,,,,,,,,,,,,,,,,,,,,,,,,,,,,,,,,,,,,,,,,,,,,,,,
,,,,,,,,,,,,,,,,,,,,,,,,,,,,,,,,,,,,,,,,,,,,,,,,,,,,,,,,,,,,,,,,,,,,,,,,,,,,,,,,,,,,,,,,,,,,,,,,,,,,,,,,,,,,,,,,,,,,,,,,,,,,,,,,,,,,,,,,,,,,,,,,,,,,,,,,,,,,,,,,,,,,,,,,,,,,,,
2 - 33RD & WHITFIELD,"SILVER, TOTAL RECOVERABLE",UG/L,1 / 3 MO.,COMP/GRAB,<,1.000,,1.000,<,1.000,<,1.000,,12.000,<,10.000,,2.000,,8.000,<,1.000,<,1.000,<,1.000,<,1.000,<,5.000,<,5.000,,NO DISCHARGE,<,5.000,<,5.000,<,5.000,<,5.000,<,5.000,<,5.000,<,5.000,<,5.000,<,5.000,<,5.000,<,5.000,<,5.000,<,5.000,<,5.000,<,5.000,<,5.000,<,5.000,<,5.000,<,0.100,<,0.100,<,0.100,<,0.100,<,0.001,<,0.001,<,0.001,,<.001,<,0.001,<,0.001,<,1.000,<,1.000,,1.000,<,1.000,<,0.200,<,0.100,,6.800,<,0.200,,0.150,<,0.100,<,0.200,<,0.100,<,0.100,,0.120,<,0.100,<,0.100,<,0.100,<,0.100,<,0.500,<,5.000,<,0.500,<,0.500,<,0.500,<,0.500,<,0.500,<,0.500,<,0.500,<,0.500,,6.000,<,0.500,,2.000,<,0.500,,1.000,<,0.500,,41.000,,15.200,,3.000,,8.000,,0.500,,0.500,,4.000,,0.500
2 - 33RD & WHITFIELD,"ZINC, TOTAL RECOVERABLE",UG/L,1 / 3 MO.,COMP/GRAB,,23.000,,17.000,,38.000,,56.000,,80.000,,185.000,,72.000,,70.000,,70.000,,280.000,,260.000,,475.000,,36.000,,23.000,,NO DISCHARGE,,43.000,,37.000,,21.000,,8.000,,5.000,,6.000,,5.000,,5.000,<,5.000,<,5.000,<,5.000,<,5.000,<,5.000,<,5.000,<,5.000,<,5.000,<,5.000,<,5.000,,6.910,,4.430,,55.100,,2.200,,0.100,<,0.001,,0.011,,0.013,,0.035,,0.026,,25.300,,23.000,,33.600,,15.100,,18.400,,20.300,,25.900,,19.500,,27.300,,22.300,,32.900,,54.600,,98.100,,45.100,,43.600,,117.000,,17.900,,31.000,,106.700,,13.000,,29.200,<,0.500,<,1.000,<,1.000,<,1.000,<,1.000,<,1.000,,19.000,<,1.000,,17.000,<,1.000,<,1.000,<,1.000,<,1.000,,32.000,<,1.000,,9.000,,6.000,,17.000,,50.700,,24.000,,15.300
2 - 33RD & WHITFIELD,"CADMIUM, TOTAL RECOVERABLE",UG/L,1 / 3 MO.,COMP/GRAB,,0.500,,0.500,<,1.000,<,1.000,<,2.000,<,1.000,,1.000,,4.000,,2.000,<,1.000,<,1.000,<,1.000,<,1.000,<,1.000,,NO DISCHARGE,<,1.000,<,1.000,<,1.000,<,5.000,<,1.000,<,1.000,<,1.000,<,1.000,<,1.000,<,1.000,<,1.000,<,1.000,<,1.000,<,1.000,<,1.000,<,1.000,<,1.000,<,1.000,<,0.100,,7.530,<,0.100,<,1.000,<,0.001,<,0.001,<,0.001,<,0.001,,0.014,<,0.001,<,1.000,,1.000,,1.000,,1.000,,0.200,<,0.100,,0.107,,0.200,<,0.300,,0.437,,0.630,,1.900,,4.700,,0.470,,11.500,<,0.100,<,0.100,,2.570,<,0.100,<,0.100,<,0.100,<,0.500,<,0.100,<,0.100,<,0.100,<,0.100,<,0.100,<,0.100,,7.000,<,0.100,<,1.000,<,0.100,<,0.100,,3.300,<,0.100,<,0.100,,2.000,,3.000,,4.000,,1.000,,0.300,,0.100
2 - 33RD & WHITFIELD,"LEAD, TOTAL RECOVERABLE",UG/L,1 / 3 MO.,COMP/GRAB,,1.060,,4.850,,7.000,,0.018,,8.000,,43.800,,3.000,,13.000,,2.400,<,1.000,<,1.000,,5.400,,5.600,,15.000,,NO DISCHARGE,,1.000,,1.000,<,1.000,<,1.000,<,1.000,<,1.000,<,1.000,<,1.000,<,1.000,<,1.000,<,1.000,<,1.000,<,1.000,<,1.000,<,1.000,<,1.000,<,5.000,<,1.000,<,0.100,,6.440,<,0.100,<,5.400,<,0.003,<,0.001,<,0.001,,0.001,<,0.001,,0.004,,2.300,,5.730,,8.000,,3.700,,2.530,,3.500,,1.900,,2.740,,3.350,,3.400,,16.700,,3.150,,34.800,<,0.100,,8.720,,14.700,,1.940,,21.200,,4.810,,2.600,,8.400,<,0.500,,195.000,<,0.500,,13.000,<,0.500,,10.000,,3.000,<,0.500,,4.000,,2.000,<,0.500,,3.700,<,0.500,,40.000,,13.950,,10.000,<,0.500,,8.000,,0.500,,1.000,,0.500
,,,,,,,,,,,,,,,,,,,,,,,,,,,,,,,,,,,,,,,,,,,,,,,,,,,,,,,,,,,,,,,,,,,,,,,,,,,,,,,,,,,,,,,,,,,,,,,,,,,,,,,,,,,,,,,,,,,,,,,,,,,,,,,,,,,,,,,,,,,,,,,,,,,,,,,,,,,,,,,,,,,,,,,,,,,,,,
2 - 33RD & WHITFIELD,"COPPER, TOTAL RECOVERABLE",UG/L,1 / 3 MO.,COMP/GRAB,,2.790,,9.350,,12.500,,21.000,<,2.000,,38.100,,29.000,,3.000,,9.000,,16.000,<,1.000,<,1.000,<,1.000,<,7.000,,NO DISCHARGE,<,5.000,<,5.000,<,5.000,<,5.000,<,5.000,<,5.000,<,5.000,<,5.000,<,5.000,<,5.000,<,5.000,<,5.000,<,5.000,<,5.000,<,5.000,<,5.000,<,5.000,<,5.000,<,0.100,,6.740,,1.800,<,2.900,<,0.021,,0.006,,0.003,,0.003,,0.023,,0.010,,3.900,,7.140,,12.900,,13.900,,11.200,,10.600,,19.900,,13.500,,11.400,,10.700,,8.500,,10.020,,64.500,,25.600,,16.300,,14.800,,5.300,,6.180,,47.680,,3.600,,126.000,<,0.500,,32.000,<,0.500,,1.000,<,0.500,,17.000,,2.000,,8.000,,3.000,<,0.500,,6.000,,1.000,<,0.500,<,0.500,,4.590,,1.000,,9.000,,4.000,,9.300,,3.000,,4.300
2 - 33RD & WHITFIELD,FLOW IN CONDUIT / THRU TREAT. PLANT,MGD,1 / 3 MO.,INST,,0.011,,0.794,,6.500,,5.170,,3.010,,0.540,,0.561,,1.790,,1.130,,4.100,,0.040,,0.086,,0.861,,0.214,,NO DISCHARGE,,0.413,,3.440,,2.580,,3.440,,0.323,,0.215,,8.075,,1.190,,3.460,,0.807,,0.807,,0.323,,0.807,,0.942,,2.018,,1.574,,1.938,,2.907,,0.365,,1.043,,2.584,,0.538,,1.211,,0.001,,0.538,,0.054,,0.107,,1.615,,1.620,,3.450,,2.584,,0.808,,0.336,,7.791,,6.454,,0.969,,2.151,,1.291,,2.584,,0.969,,0.162,,11.678,,2.907,,19.380,,1.131,,3.012,,0.018008,,0.009878,,0.003456,,0.007848,,0.826400,,0.760900,,0.129600,,0.020160,,0.003456,,0.086400,,0.021600,,0.002880,,0.244800,,0.500000,,0.007200,,0.010800,,0.004795,,0.551000,,0.008640,,0.007848,,1.632000,,0.199500,,0.005760,,0.004320
2 - 33RD & WHITFIELD,"SOLIDS, TOTAL DISSOLVED",MG/L,1 / 3 MO.,COMP/GRAB,,96.000,,88.000,,44.000,,44.500,,41.000,,71.000,,84.500,,36.000,,66.000,,83.000,,50.000,,78.500,,23.500,,30.500,,NO DISCHARGE,,116.000,,71.200,,71.500,,65.500,,56.000,,51.000,,38.000,,125.000,,96.000,,49.500,,34.500,,73.000,,58.500,,44.000,,98.000,,43.000,,44.500,,50.000,,40.000,,62.000,,64.000,,162.000,,82.000,,76.000,,22.000,,81.000,,39.000,,89.000,,96.000,,56.000,,47.000,,149.000,,74.000,,102.000,,61.000,,77.000,,95.000,,87.000,,101.000,,104.000,,176.000,,149.000,,97.000,,524.000,,100.000,,210.000,,82.000,,41.000,,98.000,,198.000,,94.000,,99.000,,28.000,,102.000,<,10.000,,44.000,,76.000,,62.000,,80.000,,70.000,,88.000,,68.000,,118.000,,70.000,,56.000,,84.000,,108.000,,12.000,,32.000,,28.000
,,,,,,,,,,,,,,,,,,,,,,,,,,,,,,,,,,,,,,,,,,,,,,,,,,,,,,,,,,,,,,,,,,,,,,,,,,,,,,,,,,,,,,,,,,,,,,,,,,,,,,,,,,,,,,,,,,,,,,,,,,,,,,,,,,,,,,,,,,,,,,,,,,,,,,,,,,,,,,,,,,,,,,,,,,,,,,
2 - 33RD & WHITFIELD,"STREPTOCOCCI, FECAL MATERIAL",#/100ML,1 / 3 MO.,GRAB,,324,,120,,15300,<,20,,80,,9840,,48400,,19750,,4400,,15050,,4330,,7900,,7100,,3700,,NO DISCHARGE,,24000,,445000,,22000,,680000,,33000,,17500,,20000,,380000,,22750,,2000,,160000,,1270000,,40000,,82000,,2400,,900,,19000,,120000,,1360,,810,,80,,18000,,17000,,100,,1300,,200,,300,,3800,,3800,,6100,,1900,,1900,,2000,,5900,,1800,,3100,,6000,,2200,,8800,,11100,,8300,,6900,,10300,,20000,,13600,,6700,,336,,1580,<,1,,522,,300,,1267,,1730,,5,,65,,3600,,75,,1210,,50,,148,,98,,269,,396,,60,,900,,195,,2250,,800,,260,,450
2 - 33RD & WHITFIELD,"E.COLI  (CHANGED FROM COLIFORM, FECAL 8/31/2005)",#/100ML,1 / 3 MO.,GRAB,,437,,1,,11300,,4100,<,20,,9200,,18900,,13700,,8200,,8400,,3100,,8670,,3600,,2900,,NO DISCHARGE,,30000,,80000,,4000,,1000000,,11000,,14300,,120000,,10000,,40000,,6000,,60000,,360000,,44000,,16200,,650,,600,,25000,,40000,,960,,160,,160,,110,,27000,,1700,,3100,,<100,,1750,,4900,,4900,,3700,,1800,,3600,,2100,,1800,,6600,,3900,,8100,,1000,,10900,,11700,,2400,,5100,,11900,,16000,,6100,,4200,,316,,1545,<,1,,688,,100,,880,,1610,,10,,25,,2400,,55,,1130,,75,,96,,86,,316,,488,,100,,800,,205,,1350,,820,,290,,2419
,,,,,,,,,,,,,,,,,,,,,,,,,,,,,,,,,,,,,,,,,,,,,,,,,,,,,,,,,,,,,,,,,,,,,,,,,,,,,,,,,,,,,,,,,,,,,,,,,,,,,,,,,,,,,,,,,,,,,,,,,,,,,,,,,,,,,,,,,,,,,,,,,,,,,,,,,,,,,,,,,,,,,,,,,,,,,,
2 - 33RD & WHITFIELD,"BOD, CARBONACEOUS 5 DAY (NO LONGER REQUIRED 12-2013)",MG/L,1 / 3 MO.,COMP/GRAB,,3.000,,10.000,,5.180,,4.900,,4.300,,32.600,,19.900,,10.600,,16.900,,14.500,,8.600,,27.400,,17.000,,11.100,,NO DISCHARGE,,11.400,,13.700,,6.900,,3.800,,7.700,,17.100,,4.700,,1.500,,1.500,,2.100,,11.500,,10.100,,2.200,,10.400,,19.600,,4.300,,4.900,,5.400,,12.100,,4.480,,8.500,,10.500,,10.700,,2.660,,5.270,,8.318,,4.356,,6.860,,6.690,,8.420,,6.950,,4.000,,11.500,,3.800,,2.100,,2.600,,12.500,,4.300,,4.200,,3.400,,36.000,,1.700,,11.100,,33.100,,8.500,,5.900,<,2.000,,2.000,<,2.000,,6.000,,4.000,,3.000,,3.000,,,,,,,,,,,,,,,,,,,,,,,,,,,,,,,,,,
3 - CHENAL PKWY & OAK MEADOW,"SELENIUM, TOTAL RECOVERABLE (NO LONGER REQUIRED 9/1/2005)",UG/L,1 / 3 MO.,COMP/GRAB,,5.000,,5.000,<,2.000,<,2.000,<,2.000,<,2.000,<,2.000,<,2.000,<,2.000,<,2.000,<,2.000,<,2.000,<,2.000,<,2.000,,NO DISCHARGE,<,2.000,<,2.000,<,2.000,<,2.000,<,2.000,<,2.000,<,2.000,<,2.000,<,2.000,<,2.000,<,2.000,<,2.000,<,2.000,<,2.000,<,2.000,<,2.000,<,2.000,<,5.000,,NO DISCHARGE,,3.700,,,,,,,,,,,,,,,,,,,,,,,,,,,,,,,,,,,,,,,,,,,,,,,,,,,,,,,,,,,,,,,,,,,,,,,,,,,,,,,,,,,,,,,,,,,,,,,,,,,,
3 - CHENAL PKWY & OAK MEADOW,"BERYLLIUM, (BE) TOTAL RECOVERABLE (NO LONGER REQUIRED 9/1/2005)",UG/L,1 / 3 MO.,COMP/GRAB,<,0.500,,0.500,<,1.000,<,1.000,<,1.000,<,1.000,<,1.000,<,1.000,<,1.000,<,1.000,<,1.000,<,1.000,<,1.000,<,1.000,,NO DISCHARGE,<,1.000,<,1.000,<,1.000,<,1.000,<,1.000,<,1.000,<,1.000,<,1.000,<,1.000,<,1.000,<,1.000,<,1.000,<,1.000,<,1.000,<,1.000,<,1.000,<,1.000,<,1.000,,NO DISCHARGE,<,0.100,,,,,,,,,,,,,,,,,,,,,,,,,,,,,,,,,,,,,,,,,,,,,,,,,,,,,,,,,,,,,,,,,,,,,,,,,,,,,,,,,,,,,,,,,,,,,,,,,,,,
3 - CHENAL PKWY & OAK MEADOW,"NICKEL, TOTAL RECOVERABLE  (NO LONGER REQUIRED 9/1/2005)",UG/L,1 / 3 MO.,COMP/GRAB,,4.200,,6.800,<,1.000,<,1.000,,9.000,<,1.000,,2.000,,6.900,,31.800,<,1.000,<,1.000,,5.000,<,1.000,,5.000,,NO DISCHARGE,<,1.000,<,1.000,<,1.000,<,1.000,<,1.000,<,1.000,<,5.000,<,1.000,<,1.000,<,1.000,<,1.000,<,1.000,<,1.000,<,1.000,<,1.000,<,5.000,<,5.000,<,5.000,,NO DISCHARGE,,7.240,,,,,,,,,,,,,,,,,,,,,,,,,,,,,,,,,,,,,,,,,,,,,,,,,,,,,,,,,,,,,,,,,,,,,,,,,,,,,,,,,,,,,,,,,,,,,,,,,,,,
3 - CHENAL PKWY & OAK MEADOW,"CHROMIUM, TOTAL RECOVERABLE  (NO LONGER REQUIRED 9/1/2005)",UG/L,1 / 3 MO.,COMP/GRAB,<,5.000,,5.000,<,1.000,<,1.000,,1.000,,1.640,<,1.000,<,1.000,<,1.000,<,1.000,<,1.000,<,1.000,<,1.000,<,1.000,,NO DISCHARGE,<,5.000,<,5.000,<,5.000,<,5.000,<,5.000,<,5.000,<,5.000,<,5.000,<,1.000,<,5.000,<,5.000,<,5.000,<,5.000,<,1.000,<,5.000,<,3.000,<,5.000,<,5.000,,NO DISCHARGE,,8.400,,,,,,,,,,,,,,,,,,,,,,,,,,,,,,,,,,,,,,,,,,,,,,,,,,,,,,,,,,,,,,,,,,,,,,,,,,,,,,,,,,,,,,,,,,,,,,,,,,,,
3 - CHENAL PKWY & OAK MEADOW,"MERCURY, TOTAL RECOVERABLE  (NO LONGER REQUIRED 9/1/2005)",UG/L,1 / 3 MO.,COMP/GRAB,<,0.200,,0.300,<,1.000,<,0.200,<,1.000,,1.200,,1000.000,,1.100,,2.200,<,9.000,<,0.200,<,0.200,<,0.200,<,0.200,,NO DISCHARGE,<,0.200,<,0.200,<,2.000,<,0.200,<,0.200,<,0.200,<,0.200,<,0.200,<,0.200,<,0.200,<,0.200,<,0.200,<,0.200,<,0.200,<,0.200,<,0.200,<,0.200,<,0.200,,NO DISCHARGE,,0.210,,,,,,,,,,,,,,,,,,,,,,,,,,,,,,,,,,,,,,,,,,,,,,,,,,,,,,,,,,,,,,,,,,,,,,,,,,,,,,,,,,,,,,,,,,,,,,,,,,,,
3 - CHENAL PKWY & OAK MEADOW,"CYANIDE, TOTAL  (NO LONGER REQUIRED 9/1/2005)",UG/L,1 / 3 MO.,COMP/GRAB,<,10.000,,10.000,<,9.000,<,9.000,<,9.000,,4.000,<,9.000,<,9.000,<,9.000,<,9.000,<,9.000,<,9.000,<,9.000,<,9.000,,NO DISCHARGE,<,9.000,<,9.000,<,9.000,<,9.000,<,9.000,<,9.000,<,9.000,<,9.000,<,9.000,<,9.000,<,9.000,<,9.000,<,9.000,<,9.000,<,9.000,<,0.009,<,9.000,<,0.009,,NO DISCHARGE,<,0.009,,,,,,,,,,,,,,,,,,,,,,,,,,,,,,,,,,,,,,,,,,,,,,,,,,,,,,,,,,,,,,,,,,,,,,,,,,,,,,,,,,,,,,,,,,,,,,,,,,,,
3 - CHENAL PKWY & OAK MEADOW,"BOD, 5 DAY",MG/L,1 / 3 MO.,COMP/GRAB,,3.000,,12.000,,1.500,,4.800,,7.200,,18.500,,5.300,,7.200,,2.700,,9.200,,14.500,,12.300,,6.800,,6.900,,NO DISCHARGE,,15.800,,8.200,,4.300,,3.800,,8.900,,4.200,,3.600,,2.900,,8.100,,11.100,,9.300,,11.500,,1.500,,9.500,,1.700,,4.000,,4.600,,3.300,,NO DISCHARGE,,2.420,,3.100,,6.900,,7.620,,7.250,,5.540,,7.499,,8.967,,4.810,,2.310,,3.610,,3.210,,2.400,,10.000,,2.500,,2.000,,1.000,,5.100,,3.000,,5.200,,1.500,,6.800,,7.800,,13.000,,22.500,,1.700,,4.000,,6.000,,8.000,,2.000,,8.000,<,2.000,,19.000,,4.000,,4.000,,8.000,,10.000,,9.000,,9.000,,6.000,,2.000,,5.000,<,2.000,,3.000,<,2.000,,5.000,,4.000,,2.000,,4.000,,3.000,,4.000
3 - CHENAL PKWY & OAK MEADOW,PH,SU,1 / 3 MO.,GRAB,,6.330,,6.750,,7.400,,8.100,,7.700,,7.300,,6.420,,7.130,,6.400,,7.050,,6.200,,6.780,,6.730,,7.680,,NO DISCHARGE,,7.210,,6.860,,6.470,,6.910,,6.750,,7.060,,6.860,,6.940,,7.120,,6.940,,7.490,,6.700,,6.420,,6.910,,6.760,,6.810,,6.170,,6.760,,NO DISCHARGE,,6.470,,6.640,,6.750,,6.920,,5.940,,7.020,,6.920,,6.990,,6.390,,5.880,,6.730,,6.140,,6.320,,7.270,,6.260,,6.970,,6.300,,7.200,,7.130,,7.070,,7.210,,7.310,,6.370,,6.450,,5.950,,6.310,,6.740,,7.500,,6.000,,7.600,,6.700,,6.200,,6.700,,7.300,,6.100,,6.900,,6.300,,6.800,,6.900,,7.000,,7.600,,7.400,,6.300,,6.300,,7.000,,6.600,,7.500,,7.400,,7.000,,7.200,,7.000
3 - CHENAL PKWY & OAK MEADOW,"SOLIDS, TOTAL SUSPENDED",MG/L,1 / 3 MO.,COMP/GRAB,,7.000,,24.000,,4.500,,25.000,,8.000,,56.000,,11.000,,54.000,,3.200,,38.000,,71.000,,25.000,,122.000,,50.000,,NO DISCHARGE,,12.800,,28.000,,4.000,,25.000,,24.000,,1.000,,20.000,,6.000,,11.000,,19.200,,35.000,,10.000,,7.000,,50.000,,2.000,,22.000,,12.000,,49.000,,NO DISCHARGE,,14.000,,16.000,,1.000,,5.000,,2.000,,29.500,,51.000,,89.000,,2.000,,4.500,,32.700,,6.000,,2.400,,5.000,,24.400,,12.800,,4.800,,6.800,,24.000,,86.000,,12.400,,37.000,,16.000,,2.000,,30.000,,32.000,,397.300,,34.000,,33.000,,34.000,,48.000,,23.000,,180.000,,33.000,,3.000,,123.000,,114.000,,5.000,,29.000,<,1.000,,33.000,,8.000,<,1.000,,42.000,,4.000,,24.000,<,1.000,,3.000,,13.000,,1.000,,134.000
3 - CHENAL PKWY & OAK MEADOW,OIL & GREASE,MG/L,1 / 3 MO.,GRAB,,4.790,,1.400,<,0.100,,3.800,,3.000,,3.900,,0.100,,1.100,,2.200,,8.600,,1.300,,2.000,,0.200,,2.800,,NO DISCHARGE,,0.900,,0.400,,0.300,,1.100,,1.400,,1.600,,0.400,,1.100,,1.800,,0.900,,1.100,,1.400,,1.300,,0.200,,0.800,,1.000,,0.900,,1.200,,NO DISCHARGE,,0.700,,1.000,,0.400,,0.500,,0.200,,0.600,,0.600,,0.500,,0.200,,0.200,,0.600,,0.200,,0.200,,0.200,,1.000,,0.600,,0.300,,0.400,,3.200,,2.100,,0.200,,1.900,,0.600,,0.600,,0.800,,0.700,,0.900,<,1.400,<,1.400,<,1.400,<,1.400,<,1.400,,6.100,,1.900,<,1.700,,8.900,,8.600,,2.400,<,1.400,<,1.400,<,1.400,<,1.400,,1.900,,3.200,<,1.400,<,1.400,<,1.400,,1.400,,2.100,,1.400,,1.400
3 - CHENAL PKWY & OAK MEADOW,"NITROGEN, TOTAL",MG/L,1 / 3 MO.,COMP/GRAB,,1.120,,2.080,,1.270,,1.260,,7.039,,5.684,,4.120,,2.062,,4.340,,3.440,,3.220,,8.070,,3.367,,23.000,,NO DISCHARGE,,1.840,,6.890,,2.010,,1.410,,2.000,<,0.050,<,0.050,<,0.860,<,0.050,<,0.050,<,0.310,<,0.410,<,0.356,<,0.350,<,0.660,<,0.340,<,0.050,,0.215,,NO DISCHARGE,,1.220,,0.340,,0.125,,1.530,,0.860,,1.089,,0.835,,2.213,,0.630,,1.740,,1.880,,1.010,,1.012,,1.242,,1.280,,0.811,,0.900,,0.504,,1.332,,1.210,,1.670,,1.950,,1.080,,0.447,,1.910,,1.620,,2.850,,0.480,,2.920,,2.150,,1.230,,1.680,,3.050,,1.120,,0.910,,2.630,,2.250,,0.560,,1.500,,1.060,,1.010,,0.890,,2.130,,0.500,,2.560,,0.690,,0.510,,2.560,,1.850,,0.280,,0.830
3 - CHENAL PKWY & OAK MEADOW,"NITROGEN, KJELDAHL  (NO LONGER REQUIRED 12-2013)",MG/L,1 / 3 MO.,COMP/GRAB,,1.020,,1.680,,0.280,,0.400,,0.619,,3.540,,2.030,,1.640,,2.470,,1.850,,1.140,,6.340,,3.120,,18.500,,NO DISCHARGE,,1.360,,6.480,,0.870,,1.100,,1.950,,1.800,,2.010,,2.550,,1.260,,3.240,,4.680,,9.750,,0.750,,1.010,,0.780,,0.850,,0.730,,1.242,,NO DISCHARGE,,0.660,<,0.050,<,0.050,,1.530,,0.360,,0.502,,0.690,<,1.000,,2.410,<,1.000,,1.000,,0.960,<,1.000,<,0.500,,0.120,,0.300,,0.090,,0.201,,0.203,,0.050,,0.101,,0.133,,1.190,,0.231,,0.151,,0.640,,0.170,,0.480,,2.660,,1.980,,1.150,,0.670,,0.840,,0.530,,,,,,,,,,,,,,,,,,,,,,,,,,,,,,,,,,
3 - CHENAL PKWY & OAK MEADOW,"PHOSPHORUS, DISSOLVED",MG/L,1 / 3 MO.,COMP/GRAB,,0.090,,0.110,,0.175,,0.390,,0.092,,0.373,,0.308,,0.569,,0.050,,0.650,,0.496,,0.804,,0.170,,1.060,,NO DISCHARGE,,0.840,,0.820,,0.940,,0.870,,0.990,,0.720,,0.780,,1.240,,0.600,,0.480,,0.650,,0.320,,0.169,,0.320,,0.350,,0.158,,0.203,,0.301,,NO DISCHARGE,,0.009,,0.244,,0.118,,0.141,,0.426,,0.314,,0.049,,0.616,,0.280,<,0.100,,0.050,,0.600,<,1.000,,0.714,,0.800,,1.000,,1.400,,1.000,,0.980,,0.600,,0.400,,0.600,,0.300,,0.330,,0.300,,0.300,,0.940,,0.060,,0.010,,0.170,,0.350,,0.130,,0.520,,0.090,,0.260,,0.490,,0.340,,0.320,,0.110,,0.260,,0.120,,0.170,<,0.050,<,0.050,<,0.050,,0.080,<,0.050,,0.080,,0.420,,0.070,,0.090
3 - CHENAL PKWY & OAK MEADOW,HARDNESS (CACO3) TOTAL,MG/L,1 / 3 MO.,COMP/GRAB,,38.000,,44.000,,0.000,,0.000,,87.900,,16.000,,26.000,,34.000,,38.000,,34.000,,32.000,,32.000,,24.000,,36.000,,NO DISCHARGE,,42.000,,18.000,,32.000,,22.000,,46.000,,40.000,,40.000,,40.000,,10.000,,20.000,,4.000,,12.000,,32.000,,8.000,,60.000,,142.000,,92.000,,66.000,,NO DISCHARGE,,12.000,,24.000,,65.000,,21.000,,24.000,,15.800,,3.800,,1.550,,1.550,,1.200,,10.300,,42.000,,35.200,,1.610,,18.000,,34.000,,30.000,,28.000,,28.000,,32.000,,24.000,,44.000,,22.000,,32.000,,22.000,,22.000,,6.000,,12.000,,96.000,,28.000,,24.000,,28.000,,60.000,,72.000,,32.000,,44.000,,68.000,,20.000,,40.000,,56.000,,132.000,,28.000,,32.000,,8.000,,40.000,,12.000,,16.000,,20.000,,44.000,,18.000,,24.000
,,,,,,,,,,,,,,,,,,,,,,,,,,,,,,,,,,,,,,,,,,,,,,,,,,,,,,,,,,,,,,,,,,,,,,,,,,,,,,,,,,,,,,,,,,,,,,,,,,,,,,,,,,,,,,,,,,,,,,,,,,,,,,,,,,,,,,,,,,,,,,,,,,,,,,,,,,,,,,,,,,,,,,,,,,,,,,
,,,,,,,,,,,,,,,,,,,,,,,,,,,,,,,,,,,,,,,,,,,,,,,,,,,,,,,,,,,,,,,,,,,,,,,,,,,,,,,,,,,,,,,,,,,,,,,,,,,,,,,,,,,,,,,,,,,,,,,,,,,,,,,,,,,,,,,,,,,,,,,,,,,,,,,,,,,,,,,,,,,,,,,,,,,,,,
,,,,,,,,,,,,,,,,,,,,,,,,,,,,,,,,,,,,,,,,,,,,,,,,,,,,,,,,,,,,,,,,,,,,,,,,,,,,,,,,,,,,,,,,,,,,,,,,,,,,,,,,,,,,,,,,,,,,,,,,,,,,,,,,,,,,,,,,,,,,,,,,,,,,,,,,,,,,,,,,,,,,,,,,,,,,,,
3 - CHENAL PKWY & OAK MEADOW,"SILVER, TOTAL RECOVERABLE",UG/L,1 / 3 MO.,COMP/GRAB,<,1.000,,1.000,<,1.000,<,1.000,<,10.000,<,10.000,,5.000,<,1.000,<,1.000,<,1.000,<,1.000,<,1.000,<,5.000,<,5.000,,NO DISCHARGE,<,5.000,<,5.000,<,5.000,<,5.000,<,5.000,<,5.000,<,5.000,<,5.000,<,5.000,<,5.000,<,5.000,<,5.000,<,5.000,<,5.000,<,5.000,<,5.000,<,5.000,<,5.000,,NO DISCHARGE,<,0.100,<,0.100,<,1.000,<,0.001,<,0.001,<,0.001,<,0.001,<,0.001,<,0.001,<,1.000,<,1.000,,1.000,<,1.000,<,0.200,,0.110,,0.800,<,0.200,<,0.100,<,0.100,<,0.200,,0.120,<,0.100,<,0.100,<,0.100,<,0.100,<,0.100,<,0.100,<,0.500,<,0.500,<,0.500,<,0.500,<,0.500,<,0.500,<,0.500,<,0.500,<,0.500,<,0.500,,6.000,<,0.500,<,0.500,<,0.500,,1.000,<,0.500,,41.000,<,0.500,,4.000,,7.000,,0.500,,0.500,,4.000,,0.500
3 - CHENAL PKWY & OAK MEADOW,"ZINC, TOTAL RECOVERABLE",UG/L,1 / 3 MO.,COMP/GRAB,,21.000,,10.000,,26.000,,32.000,,75.000,,85.000,,49.000,,26.000,,18.000,,232.000,,35.000,,10.000,,46.000,,19.000,,NO DISCHARGE,,60.000,,27.000,,14.000,,5.000,,5.000,,4.000,,5.000,,5.000,<,5.000,<,5.000,<,5.000,<,5.000,<,5.000,<,5.000,<,5.000,<,5.000,<,5.000,<,5.000,,NO DISCHARGE,,5.260,,66.100,,1.300,,0.050,,0.006,,0.018,,0.011,,0.090,,0.017,,23.800,,20.800,,37.200,,9.400,,14.500,,29.900,,6.400,,9.500,,7.600,,13.300,,52.000,,27.700,,12.600,,15.800,,9.930,,11.100,,8.430,,2.600,,4.450,,300.000,<,1.000,,1.000,<,1.000,,111.770,<,1.000,,1.000,,1.000,,83.000,<,1.000,<,1.000,,8.000,,25.800,,10.000,,2.500,,35.000,<,1.000,,16.000,,10.000,,7.000,,60.300,,19.000,,29.400
3 - CHENAL PKWY & OAK MEADOW,"CADMIUM, TOTAL RECOVERABLE",UG/L,1 / 3 MO.,COMP/GRAB,<,0.500,,0.500,<,1.000,<,1.000,<,10.000,<,1.000,<,1.000,<,1.000,,2.000,<,1.000,<,1.000,<,1.000,<,1.000,<,1.000,,NO DISCHARGE,<,1.000,<,1.000,<,1.000,<,5.000,<,1.000,<,1.000,<,1.000,<,1.000,<,1.000,<,1.000,<,1.000,<,1.000,<,1.000,<,1.000,<,1.000,<,1.000,<,1.000,<,1.000,,NO DISCHARGE,,7.340,<,0.100,<,1.000,<,0.001,<,0.001,<,0.001,<,0.001,,0.015,<,0.001,<,1.000,<,1.000,,1.000,<,1.000,<,0.200,,0.410,<,0.100,,0.180,<,0.300,,0.170,,0.540,,2.930,<,1.800,<,0.100,,3.260,<,0.100,<,0.100,<,2.810,<,0.100,<,0.100,<,0.100,<,0.500,<,0.100,<,0.100,<,0.100,<,0.100,<,0.100,<,0.100,,7.000,<,0.100,,1.500,<,0.100,<,0.100,,3.200,<,0.100,<,0.100,,2.000,,3.000,,3.000,,0.100,,0.500,,0.100
3 - CHENAL PKWY & OAK MEADOW,"LEAD, TOTAL RECOVERABLE",UG/L,1 / 3 MO.,COMP/GRAB,,1.000,,1.590,,2.200,,6.300,,13.000,,8.100,,2.000,,3.000,,19.200,<,1.000,<,1.000,<,1.000,,4.400,,6.000,,NO DISCHARGE,,1.000,,1.000,<,1.000,<,1.000,<,1.000,<,1.000,<,1.000,<,1.000,<,1.000,<,1.000,<,1.000,<,1.000,<,1.000,<,1.000,<,1.000,<,1.000,<,1.000,<,1.000,,NO DISCHARGE,,6.920,<,0.100,<,1.000,,0.002,<,0.001,<,0.001,<,0.001,,0.002,,0.002,,2.100,,1.880,,1.000,<,1.000,,0.530,,1.500,,0.730,,0.900,,0.410,,1.100,,69.800,,6.500,,19.300,<,0.100,,3.600,<,0.100,,0.971,<,8.000,,1.680,<,0.500,,0.900,<,0.500,,195.000,<,0.500,,9.000,<,0.500,,10.000,,0.800,<,0.500,<,0.500,,0.800,<,0.500,<,3.300,<,0.500,,41.000,<,0.500,,9.000,<,0.500,,7.000,,0.500,,1.000,,1.300
,,,,,,,,,,,,,,,,,,,,,,,,,,,,,,,,,,,,,,,,,,,,,,,,,,,,,,,,,,,,,,,,,,,,,,,,,,,,,,,,,,,,,,,,,,,,,,,,,,,,,,,,,,,,,,,,,,,,,,,,,,,,,,,,,,,,,,,,,,,,,,,,,,,,,,,,,,,,,,,,,,,,,,,,,,,,,,
3 - CHENAL PKWY & OAK MEADOW,"COPPER, TOTAL RECOVERABLE",UG/L,1 / 3 MO.,COMP/GRAB,,1.550,,7.400,,7.000,,13.400,,5.000,,33.900,,35.000,,1.000,<,1.000,,15.000,<,1.000,<,1.000,<,1.000,<,5.000,,NO DISCHARGE,<,5.000,<,5.000,<,5.000,<,5.000,<,5.000,<,5.000,<,5.000,<,5.000,<,5.000,<,5.000,<,5.000,<,5.000,<,5.000,<,5.000,<,5.000,<,5.000,<,5.000,<,5.000,,NO DISCHARGE,,8.650,<,0.100,,1.950,,0.010,,0.006,<,0.005,,0.004,,0.032,,0.005,,3.100,,4.710,,10.300,,9.900,,8.050,,16.200,,2.700,,4.330,,5.800,,20.800,,12.600,,29.800,,5.200,,1.970,,5.250,<,0.100,,2.450,,7.470,,14.030,,5.700,,2.500,<,0.500,,29.000,<,0.500,<,0.500,<,0.500,,15.000,,6.000,,6.000,,2.000,,0.600,,7.900,<,0.500,,72.000,,3.000,,3.480,,3.000,,8.000,,5.000,,6.300,,3.000,,5.400
3 - CHENAL PKWY & OAK MEADOW,FLOW IN CONDUIT / THRU TREAT. PLANT,MGD,1 / 3 MO.,INST,,0.017,,2.592,,0.215,,0.323,,0.431,,1.350,,0.163,,0.020,,0.026,,1.450,,0.054,,0.323,,0.269,,0.969,,NO DISCHARGE,,0.403,,0.420,,0.388,,2.150,,0.269,,0.269,,2.665,,0.398,,0.646,,0.202,,0.403,,0.403,,0.605,,0.942,,0.269,,0.636,,0.605,,1.009,,NO DISCHARGE,,0.234,,1.695,,0.404,,0.403,,0.003,,0.054,,1.292,,0.538,,0.067,,0.269,,0.054,,0.054,,0.034,,0.006,,0.244,,0.536,,0.041,,4.037,,0.646,,1.292,,0.067,,0.162,,1.131,,0.214,,0.404,,0.054,,0.270,,0.001580,,0.001296,,0.010800,,0.005400,,0.014400,,0.010800,,0.004320,,0.001540,,0.004320,,0.002880,,0.005400,,0.004320,,0.008640,,0.003312,,0.003600,,0.008640,,0.014400,,0.012200,,0.008640,,0.064800,,0.603400,,0.001000,,0.009590,,0.001758
3 - CHENAL PKWY & OAK MEADOW,"SOLIDS, TOTAL DISSOLVED",MG/L,1 / 3 MO.,COMP/GRAB,,100.000,,68.000,,36.500,,39.500,,66.500,,53.000,,78.000,,12.800,,69.000,,16.500,,47.500,,66.700,,39.000,,22.500,,NO DISCHARGE,,63.500,,35.500,,69.000,,71.000,,58.000,,33.000,,35.000,,53.500,,36.000,,53.000,,49.500,,48.000,,32.000,,62.000,,55.000,,43.500,,35.000,,70.000,,NO DISCHARGE,,67.500,,74.500,,77.500,,66.000,,68.000,,41.000,,38.000,,93.000,,76.000,,77.000,,41.000,,52.000,,37.000,,81.000,,31.000,,30.000,,50.000,,36.000,,42.000,,78.000,,72.000,,61.000,,12.000,,11.000,,74.000,,70.000,,420.000,,58.000,,33.000,,182.000,,222.000,,162.000,,108.000,,62.000,,32.000,,62.000,,62.000,,24.000,,68.000,,58.000,,108.000,,72.000,,56.000,,19.000,,42.000,,46.000,,62.000,,84.000,,10.000,,44.000,,30.000
,,,,,,,,,,,,,,,,,,,,,,,,,,,,,,,,,,,,,,,,,,,,,,,,,,,,,,,,,,,,,,,,,,,,,,,,,,,,,,,,,,,,,,,,,,,,,,,,,,,,,,,,,,,,,,,,,,,,,,,,,,,,,,,,,,,,,,,,,,,,,,,,,,,,,,,,,,,,,,,,,,,,,,,,,,,,,,
3 - CHENAL PKWY & OAK MEADOW,"STREPTOCOCCI, FECAL MATERIAL",#/100ML,1 / 3 MO.,GRAB,,83,,480,,870,,32000,,60,,53000,,59300,,8175,,200,,4700,,5000,,30000,,3600,,13500,,NO DISCHARGE,,38000,,36250,,12000,,710000,,17100,,1000,,340000,,100000,,10500,,10000,,120000,,610000,,20000,,80000,,2000,,2000,,20500,,10000,,NO DISCHARGE,,2150,<,10,,50000,,16000,,100,<,100,,300,,2600,,13000,,2600,,3900,,1050,,1550,,600,,900,,200,<,100,,1100,,3800,,9250,,7800,,7600,,6000,,2550,,24100,,4500,,8050,,99,,45,<,1,,283,<,1,,665,,190,,100,,50,,2400,,205,,82,,41,,118,,82,,13,,48,,15,,400,,60,,2250,,80,,20,,200
3 - CHENAL PKWY & OAK MEADOW,"E.COLI  (CHANGED FROM COLIFORM, FECAL 8/31/2005)",#/100ML,1 / 3 MO.,GRAB,,7,,2,,425,,540,,160,,45300,,17400,,13000,,200,,1700,>,10000,,24000,,2400,,15400,,NO DISCHARGE,,26500,,2500,,2000,,440000,,2500,,375,,80000,,3210000,,25100,,4000,,50000,,680000,,37000,,12500,,2000,,830,,18000,,10000,,NO DISCHARGE,,7500,<,10,,0,,10000,,400,<,300,,300,,27000,,8900,,6150,,1300,,1650,,800,,500,,300,,1200,<,100,,2900,,1300,,6700,,4400,,600,,3350,,3000,,18000,,1200,,10600,,173,,25,<,1,,280,<,1,,250,,110,,75,,500,,1860,,195,,55,,33,,73,,64,,11,,56,,20,,430,,40,,1880,,75,,30,,1
,,,,,,,,,,,,,,,,,,,,,,,,,,,,,,,,,,,,,,,,,,,,,,,,,,,,,,,,,,,,,,,,,,,,,,,,,,,,,,,,,,,,,,,,,,,,,,,,,,,,,,,,,,,,,,,,,,,,,,,,,,,,,,,,,,,,,,,,,,,,,,,,,,,,,,,,,,,,,,,,,,,,,,,,,,,,,,
3 - CHENAL PKWY & OAK MEADOW,"BOD, CARBONACEOUS 5 DAY (NO LONGER REQUIRED 12-2013)",MG/L,1 / 3 MO.,COMP/GRAB,,3.000,,8.000,,3.700,,4.000,,7.700,,17.100,,5.600,,6.900,,3.100,,6.400,,13.900,,11.600,,6.700,,5.700,,NO DISCHARGE,,15.500,,5.700,,4.200,,3.200,,8.700,,3.700,,3.300,,1.500,,4.800,,8.100,,8.700,,9.000,,0.900,,7.900,,0.800,,3.300,,3.800,,2.100,,NO DISCHARGE,,2.410,,2.800,,5.900,,5.480,,3.600,,4.460,,5.820,,11.840,,4.810,,1.570,,4.650,,2.700,,2.400,,11.700,,2.000,,1.300,,1.200,,5.800,,3.200,,4.000,,1.200,,5.400,,6.900,,10.700,,18.000,,2.400,,5.800,,NO DISCHARGE,,6.000,<,2.000,,5.000,<,2.000,,17.000,<,3.000,,,,,,,,,,,,,,,,,,,,,,,,,,,,,,,,,,
4 - REBSAMEN PARK (CHANGED TO GILLIAM PARK RD. 9/1/2005),"SELENIUM, TOTAL RECOVERABLE (NO LONGER REQUIRED 9/1/2005)",UG/L,1 / 3 MO.,COMP/GRAB,<,5.000,,5.000,<,2.000,<,2.000,<,2.000,<,2.000,<,2.000,<,2.000,<,2.000,<,2.000,<,2.000,<,2.000,<,2.000,<,2.000,<,2.000,<,2.000,<,2.000,<,2.000,<,2.000,<,2.000,<,2.000,<,2.000,<,2.000,<,2.000,<,2.000,<,2.000,<,2.000,<,2.000,<,2.000,<,2.000,<,2.000,<,2.000,<,5.000,,NO DISCHARGE,,3.970,,,,,,,,,,,,,,,,,,,,,,,,,,,,,,,,,,,,,,,,,,,,,,,,,,,,,,,,,,,,,,,,,,,,,,,,,,,,,,,,,,,,,,,,,,,,,,,,,,,,
4 - REBSAMEN PARK (CHANGED TO GILLIAM PARK RD. 9/1/2005),"BERYLLIUM, (BE) TOTAL RECOVERABLE (NO LONGER REQUIRED 9/1/2005)",UG/L,1 / 3 MO.,COMP/GRAB,<,0.500,,0.500,<,1.000,<,1.000,<,1.000,<,1.000,<,1.000,,6.000,<,1.000,<,1.000,<,1.000,<,1.000,<,1.000,<,1.000,<,1.000,<,1.000,<,1.000,<,1.000,<,1.000,<,1.000,<,1.000,<,1.000,<,1.000,<,1.000,<,1.000,<,1.000,<,1.000,<,1.000,<,1.000,<,1.000,<,1.000,<,1.000,<,1.000,,NO DISCHARGE,<,0.100,,,,,,,,,,,,,,,,,,,,,,,,,,,,,,,,,,,,,,,,,,,,,,,,,,,,,,,,,,,,,,,,,,,,,,,,,,,,,,,,,,,,,,,,,,,,,,,,,,,,
4 - REBSAMEN PARK (CHANGED TO GILLIAM PARK RD. 9/1/2005),"NICKEL, TOTAL RECOVERABLE  (NO LONGER REQUIRED 9/1/2005)",UG/L,1 / 3 MO.,COMP/GRAB,,3.800,,11.500,<,1.000,<,1.000,<,1.000,,18.700,,5.000,,6.900,,36.900,<,1.000,<,1.000,<,5.000,<,1.000,<,1.000,<,1.000,<,1.000,<,1.000,<,1.000,<,1.000,<,1.000,<,1.000,<,5.000,<,1.000,<,1.000,<,1.000,<,1.000,<,5.000,<,1.000,<,1.000,<,1.000,<,5.000,<,5.000,<,5.000,,NO DISCHARGE,,7.500,,,,,,,,,,,,,,,,,,,,,,,,,,,,,,,,,,,,,,,,,,,,,,,,,,,,,,,,,,,,,,,,,,,,,,,,,,,,,,,,,,,,,,,,,,,,,,,,,,,,
4 - REBSAMEN PARK (CHANGED TO GILLIAM PARK RD. 9/1/2005),"CHROMIUM, TOTAL RECOVERABLE  (NO LONGER REQUIRED 9/1/2005)",UG/L,1 / 3 MO.,COMP/GRAB,<,5.000,,6.780,<,1.000,<,1.000,,10.000,<,1.000,<,1.000,<,1.000,<,1.000,<,1.000,<,1.000,<,1.000,<,1.000,<,1.000,<,5.000,<,5.000,<,5.000,<,5.000,<,5.000,<,5.000,<,5.000,<,5.000,<,5.000,<,1.000,<,5.000,<,5.000,<,5.000,<,5.000,<,1.000,<,5.000,<,3.000,<,5.000,<,5.000,,NO DISCHARGE,,8.400,,,,,,,,,,,,,,,,,,,,,,,,,,,,,,,,,,,,,,,,,,,,,,,,,,,,,,,,,,,,,,,,,,,,,,,,,,,,,,,,,,,,,,,,,,,,,,,,,,,,
4 - REBSAMEN PARK (CHANGED TO GILLIAM PARK RD. 9/1/2005),"MERCURY, TOTAL RECOVERABLE  (NO LONGER REQUIRED 9/1/2005)",UG/L,1 / 3 MO.,COMP/GRAB,<,0.200,,0.200,<,1.000,<,0.200,,1.000,<,1.000,<,1.000,,1.200,,3.500,,0.500,<,0.200,<,0.200,<,0.200,<,0.200,<,0.200,<,0.200,<,0.200,<,0.200,<,0.200,<,0.200,<,0.200,<,0.200,<,0.200,<,0.200,<,0.200,<,0.200,<,0.200,<,0.200,<,0.200,<,0.200,<,0.200,<,0.200,,0.200,,NO DISCHARGE,,0.220,,,,,,,,,,,,,,,,,,,,,,,,,,,,,,,,,,,,,,,,,,,,,,,,,,,,,,,,,,,,,,,,,,,,,,,,,,,,,,,,,,,,,,,,,,,,,,,,,,,,
4 - REBSAMEN PARK (CHANGED TO GILLIAM PARK RD. 9/1/2005),"CYANIDE, TOTAL  (NO LONGER REQUIRED 9/1/2005)",UG/L,1 / 3 MO.,COMP/GRAB,<,10.000,,10.000,<,9.000,,1.000,<,9.000,,2.000,<,9.000,<,9.000,<,9.000,<,9.000,<,9.000,<,9.000,<,9.000,<,9.000,<,9.000,<,9.000,<,9.000,<,9.000,<,9.000,<,9.000,<,9.000,<,9.000,<,9.000,<,9.000,<,9.000,<,9.000,<,9.000,<,9.000,<,9.000,<,9.000,<,0.009,<,9.000,<,0.009,,NO DISCHARGE,<,0.009,,,,,,,,,,,,,,,,,,,,,,,,,,,,,,,,,,,,,,,,,,,,,,,,,,,,,,,,,,,,,,,,,,,,,,,,,,,,,,,,,,,,,,,,,,,,,,,,,,,,
4 - REBSAMEN PARK (CHANGED TO GILLIAM PARK RD. 9/1/2005),"BOD, 5 DAY",MG/L,1 / 3 MO.,COMP/GRAB,,3.000,,17.000,,9.500,,7.200,,15.900,,26.400,,9.900,,2.000,,1.400,,3.000,,2.700,,7.200,,5.900,,11.300,,3.300,,6.200,,5.700,,7.500,,10.600,,18.800,,4.100,,3.400,,5.400,,4.300,,1.800,,9.100,,6.300,,5.000,,10.100,,3.000,,6.500,,6.900,,3.400,,NO DISCHARGE,,8.010,,8.100,,10.000,,4.000,,NO DISCHARGE,,10.800,,3.054,,7.385,,NA,,NO DISCHARGE,,3.720,,1.350,,NO DISCHARGE,,7.200,,3.800,,2.000,,3.200,,1.000,,4.300,,1.400,,NO DISCHARGE,,8.400,,3.600,,1.900,,21.200,,8.200,,NO DISCHARGE,,7.000,,7.000,,3.000,,4.000,<,2.000,,NO DISCHARGE,,10.000,,NO DISCHARGE,,7.000,,5.000,,7.000,,14.000,,4.000,,11.000,,7.000,,11.000,,2.000,<,2.000,,3.000,,5.000,,4.000,,3.000,,NO DISCHARGE,,4.000
4 - REBSAMEN PARK (CHANGED TO GILLIAM PARK RD. 9/1/2005),PH,SU,1 / 3 MO.,GRAB,,6.300,,7.340,,7.900,,7.100,,7.100,,7.100,,6.610,,6.920,,6.410,,6.200,,7.120,,6.730,,6.850,,6.510,,7.130,,6.790,,6.760,,6.760,,6.710,,6.870,,6.910,,6.920,,6.870,,7.100,,6.710,,6.880,,6.490,,6.470,,6.570,,6.820,,6.900,,6.190,,6.910,,NO DISCHARGE,,6.800,,6.380,,6.860,,6.810,,NO DISCHARGE,,6.910,,6.810,,6.750,,NA,,NO DISCHARGE,,6.520,,6.360,,NO DISCHARGE,,7.100,,6.980,,6.490,,6.380,,7.180,,6.760,,6.390,,NO DISCHARGE,,6.210,,6.100,,6.110,,7.370,,6.640,,NO DISCHARGE,,6.900,,7.200,,8.000,,6.900,,8.900,,NO DISCHARGE,,7.000,,NO DISCHARGE,,7.000,,5.800,,7.600,,7.200,,7.700,,6.100,,7.200,,6.800,,6.600,,7.100,,8.700,,7.000,,7.100,,7.200,,NO DISCHARGE,,7.200
4 - REBSAMEN PARK (CHANGED TO GILLIAM PARK RD. 9/1/2005),"SOLIDS, TOTAL SUSPENDED",MG/L,1 / 3 MO.,COMP/GRAB,<,1.000,,53.000,,280.000,,172.000,,129.500,,152.000,,160.000,,9.000,,31.600,,61.000,,82.000,,20.000,,58.000,,355.000,,52.500,,64.000,,1063.300,,242.000,,274.000,,111.500,,19.000,,136.000,,543.000,,103.000,,92.000,,67.000,,33.000,,116.000,,193.000,,64.000,,39.000,,387.000,,146.000,,NO DISCHARGE,,28.000,,6.000,,3.000,,4.000,,NO DISCHARGE,,6.500,,8.000,,37.000,,NA,,NO DISCHARGE,,7.330,,10.000,,NO DISCHARGE,,23.000,,9.200,,9.300,,33.000,,9.600,,4.700,,6.700,,NO DISCHARGE,,16.800,,22.000,,10.000,,55.300,,12.800,,NO DISCHARGE,,1.000,,33.000,,8.000,,17.000,<,1.000,,NO DISCHARGE,,78.000,,NO DISCHARGE,,84.000,<,1.000,,23.000,,59.000,<,61.000,,16.000,,36.000,,13.000,,15.000,,19.000,,4.000,,10.000,,1.000,,16.000,,NO DISCHARGE,,14.000
4 - REBSAMEN PARK (CHANGED TO GILLIAM PARK RD. 9/1/2005),OIL & GREASE,MG/L,1 / 3 MO.,GRAB,,5.810,,1.500,,0.200,,2.500,,0.100,,2.600,,0.600,,0.800,,0.200,,2.000,,0.100,,1.500,,1.100,,0.600,,0.800,,0.600,,0.700,,0.400,,1.100,,2.700,,1.900,,0.500,,1.600,,1.100,,0.600,,1.200,,1.900,,1.500,,0.300,,0.600,,1.300,,1.500,,0.900,,NO DISCHARGE,,1.100,,0.900,,0.300,,0.200,,NO DISCHARGE,,0.200,,0.400,,0.300,,NA,,NO DISCHARGE,,0.900,,0.400,,NO DISCHARGE,,0.100,,3.000,,1.200,,0.300,,0.300,,6.500,,0.900,,NO DISCHARGE,,0.600,,1.000,,0.600,,0.600,,1.200,,NO DISCHARGE,<,1.400,<,1.400,<,1.400,<,1.400,<,1.400,<,NO DISCHARGE,<,1.400,<,NO DISCHARGE,<,1.400,<,1.400,<,1.400,<,1.400,<,8.900,<,1.400,<,1.400,<,1.400,<,1.450,<,1.400,<,1.400,,8.900,,2.600,,1.400,,NO DISCHARGE,,1.400
4 - REBSAMEN PARK (CHANGED TO GILLIAM PARK RD. 9/1/2005),"NITROGEN, TOTAL",MG/L,1 / 3 MO.,COMP/GRAB,,0.560,,11.680,,0.660,,0.950,,1.362,,4.466,,3.616,,1.250,,1.220,,1.414,,3.043,,4.450,,1.953,,16.760,,4.530,,9.640,,5.230,,1.700,,8.450,,1.290,<,0.050,<,0.050,<,0.050,,0.220,,0.580,,0.320,<,0.050,<,0.550,<,0.360,<,0.482,<,0.230,<,0.050,,0.165,,NO DISCHARGE,,1.860,,0.270,,0.320,,0.542,,NO DISCHARGE,,0.753,,0.423,,0.793,,NA,,NO DISCHARGE,,1.160,,0.950,,NO DISCHARGE,,1.580,,1.175,,0.460,,1.020,,1.400,,0.345,,0.921,,NO DISCHARGE,,1.110,,0.370,,1.090,,2.960,,1.200,,NO DISCHARGE,,0.300,,0.510,,0.420,,0.180,,0.840,,NO DISCHARGE,,1.680,,NO DISCHARGE,,0.920,,0.280,,0.420,,1.490,,0.460,,0.270,,0.380,,0.850,,0.250,,0.460,,0.970,,0.740,,0.130,,0.350,,NO DISCHARGE,,0.450
4 - REBSAMEN PARK (CHANGED TO GILLIAM PARK RD. 9/1/2005),"NITROGEN, KJELDAHL  (NO LONGER REQUIRED 12-2013)",MG/L,1 / 3 MO.,COMP/GRAB,,0.390,,11.200,,0.330,,0.380,,0.773,,3.290,,2.240,,1.180,,0.830,,0.770,,2.950,,3.930,,1.860,,15.500,,4.480,,8.950,,4.800,,1.420,,8.400,,1.240,,2.800,,2.280,,1.280,,2.370,,1.340,,5.000,,8.850,,0.650,,0.750,,1.290,,3.590,,1.590,,0.665,,NO DISCHARGE,,0.844,<,0.050,,0.085,<,0.100,,NO DISCHARGE,<,0.050,,0.080,<,1.000,,NA,,NO DISCHARGE,<,1.000,,0.050,,NO DISCHARGE,<,0.500,,5.260,<,0.100,,0.200,<,0.070,,0.476,,0.015,,NO DISCHARGE,<,0.087,,0.307,,0.226,,0.077,,0.381,,NO DISCHARGE,,0.300,,0.510,,0.380,,0.170,<,0.050,,NO DISCHARGE,,0.760,,,,,,,,,,,,,,,,,,,,,,,,,,,,,,,,,,
4 - REBSAMEN PARK (CHANGED TO GILLIAM PARK RD. 9/1/2005),"PHOSPHORUS, DISSOLVED",MG/L,1 / 3 MO.,COMP/GRAB,,0.140,,0.560,,0.473,,0.480,,0.250,,0.151,,0.120,,0.166,,0.129,,0.153,,0.380,,0.740,,0.150,,2.720,,1.190,,2.860,,0.670,,2.060,,0.670,,0.900,,1.410,,0.560,,0.660,,0.620,,0.890,,0.860,,0.480,,0.260,,0.440,,0.440,,0.137,,0.353,,0.050,,NO DISCHARGE,,0.011,,0.274,,0.265,,0.199,,NO DISCHARGE,,0.331,,0.054,,0.162,,NA,,NO DISCHARGE,,0.060,,0.300,,NO DISCHARGE,,0.824,,0.600,<,0.100,,1.600,,1.400,,0.920,,0.600,,NO DISCHARGE,,0.640,,0.300,,1.000,,0.500,,0.500,,NO DISCHARGE,,0.080,,0.050,,0.070,,0.050,,0.050,,NO DISCHARGE,,0.330,,NO DISCHARGE,,0.590,,0.060,,0.110,,0.600,,0.470,,0.160,,0.080,,0.850,<,0.050,,0.100,,0.420,,0.160,,0.050,,0.420,,NO DISCHARGE,,0.100
4 - REBSAMEN PARK (CHANGED TO GILLIAM PARK RD. 9/1/2005),HARDNESS (CACO3) TOTAL,MG/L,1 / 3 MO.,COMP/GRAB,,28.000,,50.000,,0.000,,0.000,,16.000,,20.000,,26.000,,40.000,,26.000,,20.000,,20.000,,34.000,,32.000,,26.000,,32.000,,44.000,,32.000,,32.000,,68.000,,40.000,,42.000,,38.000,,22.000,,10.000,,16.000,,8.000,,12.000,,2.000,,4.000,,66.000,,102.000,,84.000,,56.000,,NO DISCHARGE,,20.000,,16.000,,75.000,,15.800,,NO DISCHARGE,,10.200,,13.800,,1.610,,NA,,NO DISCHARGE,,3.360,,24.000,,NO DISCHARGE,,1.540,,22.000,,24.000,,12.000,,17.000,,30.000,,20.000,,NO DISCHARGE,,12.000,,40.000,,30.000,,30.000,,10.000,,NO DISCHARGE,,16.000,,28.000,,24.000,,12.000,,20.000,,NO DISCHARGE,,22.000,,NO DISCHARGE,,40.000,,36.000,,28.000,,28.000,,32.000,,44.000,,24.000,,36.000,,4.000,,44.000,,14.000,,32.000,,16.000,,20.000,,NO DISCHARGE,,16.000
,,,,,,,,,,,,,,,,,,,,,,,,,,,,,,,,,,,,,,,,,,,,,,,,,,,,,,,,,,,,,,,,,,,,,,,,,,,,,,,,,,,,,,,,,,,,,,,,,,,,,,,,,,,,,,,,,,,,,,,,,,,,,,,,,,,,,,,,,,,,,,,,,,,,,,,,,,,,,,,,,,,,,,,,1.000,,,,,,
,,,,,,,,,,,,,,,,,,,,,,,,,,,,,,,,,,,,,,,,,,,,,,,,,,,,,,,,,,,,,,,,,,,,,,,,,,,,,,,,,,,,,,,,,,,,,,,,,,,,,,,,,,,,,,,,,,,,,,,,,,,,,,,,,,,,,,,,,,,,,,,,,,,,,,,,,,,,,,,,,,,,,,,,3.600,,,,,,
,,,,,,,,,,,,,,,,,,,,,,,,,,,,,,,,,,,,,,,,,,,,,,,,,,,,,,,,,,,,,,,,,,,,,,,,,,,,,,,,,,,,,,,,,,,,,,,,,,,,,,,,,,,,,,,,,,,,,,,,,,,,,,,,,,,,,,,,,,,,,,,,,,,,,,,,,,,,,,,,,,,,,,,,7.900,,,,,,
4 - REBSAMEN PARK (CHANGED TO GILLIAM PARK RD. 9/1/2005),"SILVER, TOTAL RECOVERABLE",UG/L,1 / 3 MO.,COMP/GRAB,,6.800,,1.000,<,1.000,<,1.000,<,10.000,<,10.000,,5.000,<,1.000,<,1.000,<,1.000,<,1.000,<,1.000,<,5.000,<,5.000,<,5.000,<,5.000,<,5.000,<,5.000,<,5.000,<,5.000,<,5.000,<,5.000,<,5.000,<,5.000,<,5.000,<,5.000,<,5.000,<,5.000,<,5.000,<,5.000,<,5.000,<,5.000,<,5.000,,NO DISCHARGE,<,0.100,<,0.100,<,1.000,<,0.001,,NO DISCHARGE,<,0.001,<,0.001,<,0.001,,NA,,NO DISCHARGE,<,1.000,,1.000,,NO DISCHARGE,<,0.200,<,0.100,<,0.100,,0.190,<,0.100,,0.110,<,0.100,,NO DISCHARGE,<,0.100,<,0.100,<,0.100,<,0.100,<,0.100,,NO DISCHARGE,<,0.500,<,0.500,<,0.500,<,0.500,<,0.500,<,NO DISCHARGE,<,0.500,<,NO DISCHARGE,<,0.500,<,0.500,<,50.000,<,0.500,,2.000,<,0.500,,3.000,<,0.500,,40.000,<,0.500,,4.000,,7.000,,0.500,,3.000,,NO DISCHARGE,,0.500
4 - REBSAMEN PARK (CHANGED TO GILLIAM PARK RD. 9/1/2005),"ZINC, TOTAL RECOVERABLE",UG/L,1 / 3 MO.,COMP/GRAB,,31.000,,26.000,,38.000,,7.800,,280.000,,162.000,,84.000,,800.000,,28.000,,21.000,,37.000,<,1.000,,26.000,,65.000,,42.000,,26.000,,32.000,,20.000,,5.000,,5.000,<,1.000,<,5.000,<,5.000,,5.000,,5.000,<,5.000,<,5.000,<,5.000,<,5.000,<,5.000,<,5.000,<,5.000,<,5.000,,NO DISCHARGE,,9.100,,230.000,<,1.000,,0.002,,NO DISCHARGE,,0.001,,0.005,,0.029,,NA,,NO DISCHARGE,,6.480,,14.500,,NO DISCHARGE,,15.400,,14.700,,0.500,,76.200,,10.700,,14.200,,41.600,,NO DISCHARGE,,28.900,,15.800,<,0.100,,169.000,,26.100,,NO DISCHARGE,,22.930,,86.800,<,1.000,<,1.000,<,1.000,,NO DISCHARGE,<,1.000,<,NO DISCHARGE,<,1.000,<,1.000,,4.000,,72.000,,89.000,,18.000,<,1.000,,86.000,,4.000,<,1.000,,116.000,,69.000,,1.000,,13.000,,NO DISCHARGE,,11.800
4 - REBSAMEN PARK (CHANGED TO GILLIAM PARK RD. 9/1/2005),"CADMIUM, TOTAL RECOVERABLE",UG/L,1 / 3 MO.,COMP/GRAB,<,0.500,,0.500,<,1.000,<,1.000,,5.000,<,1.000,<,1.000,<,1.000,,3.000,<,1.000,<,1.000,<,1.000,<,1.000,<,1.000,<,1.000,<,1.000,<,1.000,<,1.000,<,5.000,<,1.000,<,1.000,<,1.000,<,1.000,<,1.000,<,1.000,<,1.000,<,1.000,<,1.000,<,1.000,<,1.000,<,1.000,<,1.000,<,1.000,,NO DISCHARGE,,7.320,<,0.100,<,1.000,,0.009,,NO DISCHARGE,<,0.001,,0.001,,0.014,,NA,,NO DISCHARGE,<,1.000,,1.000,,NO DISCHARGE,<,0.200,,0.120,,0.200,,6.080,<,0.300,,0.280,,0.470,,NO DISCHARGE,,0.126,<,0.100,<,0.100,<,0.100,<,0.100,,NO DISCHARGE,<,0.100,<,0.100,<,0.100,<,0.500,<,0.100,<,NO DISCHARGE,<,0.100,<,NO DISCHARGE,<,0.100,<,0.100,<,0.100,<,0.100,<,0.100,<,0.100,<,0.100,,3.700,<,0.100,<,0.100,,1.900,,6.000,,3.600,,2.800,,NO DISCHARGE,,0.100
4 - REBSAMEN PARK (CHANGED TO GILLIAM PARK RD. 9/1/2005),"LEAD, TOTAL RECOVERABLE",UG/L,1 / 3 MO.,COMP/GRAB,,1.480,,3.850,,29.000,,19.700,,28.000,,66.400,,13.000,,37.000,,4.000,,2.000,<,1.000,,5.000,,6.700,<,1.000,<,1.000,<,1.000,<,1.000,<,1.000,<,1.000,<,1.000,<,1.000,<,1.000,<,1.000,<,1.000,<,1.000,<,1.000,<,1.000,<,1.000,<,1.000,<,1.000,<,1.000,<,5.000,<,1.000,,NO DISCHARGE,,7.090,<,0.100,<,1.000,,0.002,,NO DISCHARGE,<,0.001,,0.001,<,0.001,,NA,,NO DISCHARGE,,0.760,,1.600,,NO DISCHARGE,,2.400,,4.200,,1.040,,2.630,,1.100,,1.540,,3.100,,NO DISCHARGE,<,0.100,<,0.100,<,0.100,<,0.100,,1.200,,NO DISCHARGE,,0.740,<,0.500,<,0.500,<,0.500,,196.000,<,NO DISCHARGE,,11.000,<,NO DISCHARGE,<,11.000,<,0.500,,7.000,,3.000,,14.000,,2.000,,3.900,<,0.500,,40.000,<,0.500,,11.000,<,0.500,,7.900,,4.000,,NO DISCHARGE,,0.500
,,,,,,,,,,,,,,,,,,,,,,,,,,,,,,,,,,,,,,,,,,,,,,,,,,,,,,,,,,,,,,,,,,,,,,,,,,,,,,,,,,,,,,,,,,,,,,,,,,,,,,,,,,,,,,,,,,,,,,,,,,,,,,,,,,,,,,,,,,,,,,,,,,,,,,,,,,,,,,,,,,,,,,,,,,,,,,
4 - REBSAMEN PARK (CHANGED TO GILLIAM PARK RD. 9/1/2005),"COPPER, TOTAL RECOVERABLE",UG/L,1 / 3 MO.,COMP/GRAB,,2.650,,13.500,,16.700,,2.500,,14.000,,40.700,,42.000,<,1.000,,7.000,<,1.000,<,1.000,<,1.000,<,1.000,<,5.000,<,5.000,<,5.000,<,5.000,<,5.000,<,5.000,<,5.000,<,5.000,<,5.000,<,5.000,<,5.000,<,5.000,<,5.000,<,5.000,<,5.000,<,5.000,<,5.000,<,5.000,<,5.000,<,5.000,,NO DISCHARGE,,8.780,,4.946,,1.600,,0.009,,NO DISCHARGE,,0.002,,0.001,,0.025,,NA,,NO DISCHARGE,,1.760,,4.740,,NO DISCHARGE,,8.600,,5.550,,1.040,,51.300,,6.940,,5.900,,3.620,,NO DISCHARGE,,1.800,,2.500,<,0.100,,18.500,,9.200,,NO DISCHARGE,,9.050,,13.200,<,0.500,<,0.500,,30.000,,NO DISCHARGE,,13.000,<,NO DISCHARGE,<,19.000,<,0.500,<,0.500,,33.000,<,13.000,<,0.500,,10.000,,1.800,<,0.500,<,0.500,,6.000,,11.000,,4.800,,4.600,,NO DISCHARGE,,3.600
4 - REBSAMEN PARK (CHANGED TO GILLIAM PARK RD. 9/1/2005),FLOW IN CONDUIT / THRU TREAT. PLANT,MGD,1 / 3 MO.,INST,,0.144,,0.432,,1.700,,1.790,,0.467,,2.660,,1.514,,0.020,,0.242,,0.100,,0.100,,0.040,,0.323,,0.323,,0.058,,3.600,,0.820,,0.810,,0.404,,0.132,,0.404,,2.692,,0.954,,0.673,,1.817,,0.403,,0.484,,0.805,,0.969,,0.134,,0.397,,0.807,,1.210,,NO DISCHARGE,,0.782,,4.845,,0.403,,0.807,,NO DISCHARGE,,0.001,,0.431,,0.081,,NA,,NO DISCHARGE,,1.615,,0.485,,NO DISCHARGE,,0.027,,0.251,,5.163,,0.808,,0.121,,0.436,,0.324,,NO DISCHARGE,,0.302,,4.309,,3.447,,0.484,,0.162,,NO DISCHARGE,,0.003160,,0.000240,,0.001958,,0.001872,,0.688700,,NO DISCHARGE,,0.000150,,NO DISCHARGE,,0.004320,,0.004320,,0.001800,,0.004320,,0.190200,,1.522000,,0.002260,,0.007200,,0.007200,,0.086100,,0.001512,,0.007200,,3.383000,,0.009590,,NO DISCHARGE,,0.004320
4 - REBSAMEN PARK (CHANGED TO GILLIAM PARK RD. 9/1/2005),"SOLIDS, TOTAL DISSOLVED",MG/L,1 / 3 MO.,COMP/GRAB,,92.000,,128.000,,42.000,,36.000,,70.000,,70.000,,74.000,,42.000,,51.000,,42.250,,45.500,,50.500,,47.500,,87.000,,41.500,,66.000,,165.500,,82.000,,87.500,,78.000,,56.000,,59.000,,104.500,,38.500,,42.000,,56.000,,54.250,,61.500,,49.500,,62.000,,61.500,,149.500,,150.000,,NO DISCHARGE,,56.000,,53.500,,79.000,,50.000,,NO DISCHARGE,,44.000,,55.000,,68.000,,NA,,NO DISCHARGE,,56.000,,60.000,,NO DISCHARGE,,93.000,,61.000,,111.000,,71.000,,91.000,,55.000,,106.000,,NO DISCHARGE,,52.000,,29.000,,31.000,,113.000,,32.000,,NO DISCHARGE,,70.000,,18.000,,104.000,,182.000,,66.000,,NO DISCHARGE,,62.000,,NO DISCHARGE,,64.000,,13834.000,,72.000,,60.000,,84.000,,118.000,,78.000,,94.000,,50.000,,24.000,,52.000,,44.000,,98.000,,80.000,,NO DISCHARGE,,38.000
,,,,,,,,,,,,,,,,,,,,,,,,,,,,,,,,,,,,,,,,,,,,,,,,,,,,,,,,,,,,,,,,,,,,,,,,,,,,,,,,,,,,,,,,,,,,,,,,,,,,,,,,,,,,,,,,,,,,,,,,,,,,,,,,,,,,,,,,,,,,,,,,,,,,,,,,,,,,,,,,,,,,,,,,,,,,,,
4 - REBSAMEN PARK (CHANGED TO GILLIAM PARK RD. 9/1/2005),"STREPTOCOCCI, FECAL MATERIAL",#/100ML,1 / 3 MO.,GRAB,,44,,1372,,13800,,48500,<,20,,72000,,42000,,1012,,650,,2370,270,2100,,18100,,2100,,29000,,3500,,39000,,7500,,2500,,250000,,5250,,125,,40000,,9800,,1000,,2900,,20000,,20000,,120000,,11700,,2500,,1800,,19650,,50000,,NO DISCHARGE,,1850,,40,,45000,,1000,,NO DISCHARGE,,190,<,100,,1100,,NA,,NO DISCHARGE,<,100,,100,,NO DISCHARGE,,3900,<,100,<,100,,3100,,2000,<,20,,3600,,NO DISCHARGE,,3900,,1000,,1300,,8800,,1200,,NO DISCHARGE,,13,,325,<,1,,174,,30,,NO DISCHARGE,,1340,,NO DISCHARGE,,150,,2400,,1800,,195,,350,,240,,210,,13,,30,<,5,,900,,25,,125,,1810,,NO DISCHARGE,,200
4 - REBSAMEN PARK (CHANGED TO GILLIAM PARK RD. 9/1/2005),"E.COLI  (CHANGED FROM COLIFORM, FECAL 8/31/2005)",#/100ML,1 / 3 MO.,GRAB,,416,,2,,8800,,6300,,2020,,91000,,14600,,20700,,300,,2000,,270,,11900,,1300,,41000,,250,,25500,<,2500,,2500,,5500,,3000,,125,,10000,,5600,,1000,,2960,,10000,,40000,,90000,,5000,,2000,,620,,21100,,20000,,NO DISCHARGE,,6000,,120,,120,,3000,,NO DISCHARGE,,130,<,100,,2800,,NA,,NO DISCHARGE,,800,,200,,NO DISCHARGE,,1800,<,100,<,100,,3400,,1200,,20,,3100,,NO DISCHARGE,,5600,,300,,1600,,2900,,1650,,NO DISCHARGE,,57,,305,<,1,,197,,5,,NO DISCHARGE,,1195,,NO DISCHARGE,,250,,2400,,2400,,145,,390,,220,,196,,27,,41,,75,,800,,80,,75,,1670,,NO DISCHARGE,,960
,,,,,,,,,,,,,,,,,,,,,,,,,,,,,,,,,,,,,,,,,,,,,,,,,,,,,,,,,,,,,,,,,,,,,,,,,,,,,,,,,,,,,,,,,,,,,,,,,,,,,,,,,,,,,,,,,,,,,,,,,,,,,,,,,,,,,,,,,,,,,,,,,,,,,,,,,,,,,,,,,,,,,,,,,,,,,,
4 - REBSAMEN PARK (CHANGED TO GILLIAM PARK RD. 9/1/2005),"BOD, CARBONACEOUS 5 DAY (NO LONGER REQUIRED 12-2013)",MG/L,1 / 3 MO.,COMP/GRAB,,2.000,,11.000,,7.900,,5.100,,15.300,,25.000,,8.100,,2.000,,0.400,,2.500,,2.700,,4.400,,5.600,,6.300,,2.300,,6.000,,5.700,,7.300,,8.200,,17.800,,3.400,,3.400,,3.000,,3.600,,7.000,,7.300,,4.400,,3.800,,5.500,,1.400,,4.900,,6.200,,2.600,,NO DISCHARGE,,8.010,,8.000,,8.400,,2.650,,NO DISCHARGE,,7.780,,3.394,,3.520,,NA,,NO DISCHARGE,,3.720,,1.530,,NO DISCHARGE,,8.000,,2.800,,2.300,,3.800,,1.500,,3.900,,1.400,,NO DISCHARGE,,4.600,,3.900,,1.700,,24.600,,7.400,,NO DISCHARGE,,NO DISCHARGE,,3.000,<,2.000,,3.000,<,2.000,,NO DISCHARGE,,8.000,,,,,,,,,,,,,,,,,,,,,,,,,,,,,,,,,,
5 - 14TH & BOND,"SELENIUM, TOTAL RECOVERABLE (NO LONGER REQUIRED 9/1/2005)",UG/L,1 / 3 MO.,COMP/GRAB,<,5.000,,5.000,<,2.000,,2.000,<,2.000,,2.000,,NO DISCHARGE,<,2.000,<,2.000,<,2.000,<,2.000,<,2.000,<,2.000,<,2.000,<,2.000,<,2.000,<,2.000,<,2.000,<,2.000,<,2.000,<,2.000,<,2.000,<,2.000,<,2.000,<,2.000,<,2.000,<,2.000,<,2.000,<,2.000,<,2.000,<,2.000,<,2.000,,0.950,,NO DISCHARGE,<,0.100,,,,,,,,,,,,,,,,,,,,,,,,,,,,,,,,,,,,,,,,,,,,,,,,,,,,,,,,,,,,,,,,,,,,,,,,,,,,,,,,,,,,,,,,,,,,,,,,,,,,
5 - 14TH & BOND,"BERYLLIUM, (BE) TOTAL RECOVERABLE (NO LONGER REQUIRED 9/1/2005)",UG/L,1 / 3 MO.,COMP/GRAB,,0.520,,0.500,<,1.000,<,1.000,<,1.000,<,1.000,,NO DISCHARGE,<,1.000,,1.000,<,1.000,<,1.000,<,1.000,<,1.000,<,1.000,<,1.000,<,1.000,<,1.000,<,1.000,<,1.000,<,1.000,<,1.000,<,1.000,<,1.000,<,1.000,<,1.000,<,1.000,<,1.000,<,1.000,<,1.000,<,1.000,<,1.000,<,1.000,,1.050,,NO DISCHARGE,<,0.100,,,,,,,,,,,,,,,,,,,,,,,,,,,,,,,,,,,,,,,,,,,,,,,,,,,,,,,,,,,,,,,,,,,,,,,,,,,,,,,,,,,,,,,,,,,,,,,,,,,,
5 - 14TH & BOND,"NICKEL, TOTAL RECOVERABLE  (NO LONGER REQUIRED 9/1/2005)",UG/L,1 / 3 MO.,COMP/GRAB,,18.000,,1.000,<,1.000,<,1.000,<,1.000,,16.900,,NO DISCHARGE,,5.700,,27.600,,1.800,<,1.000,,5.400,<,1.000,<,1.000,<,1.000,<,1.000,<,1.000,<,1.000,<,1.000,<,1.000,<,1.000,<,5.000,<,1.000,<,1.000,<,1.000,<,1.000,<,5.000,<,1.000,<,1.000,<,1.000,<,0.005,<,5.000,,5.000,,NO DISCHARGE,,0.730,,,,,,,,,,,,,,,,,,,,,,,,,,,,,,,,,,,,,,,,,,,,,,,,,,,,,,,,,,,,,,,,,,,,,,,,,,,,,,,,,,,,,,,,,,,,,,,,,,,,
5 - 14TH & BOND,"CHROMIUM, TOTAL RECOVERABLE  (NO LONGER REQUIRED 9/1/2005)",UG/L,1 / 3 MO.,COMP/GRAB,,14.280,,5.000,<,1.000,<,5.000,,7.000,,44.000,,NO DISCHARGE,<,1.000,<,1.000,<,1.000,<,1.000,<,1.000,<,1.000,<,1.000,<,1.000,<,5.000,<,5.000,<,5.000,<,5.000,<,5.000,<,5.000,<,5.000,<,5.000,<,1.000,<,5.000,<,5.000,<,5.000,<,5.000,<,1.000,<,5.000,<,3.000,<,5.000,,5.000,,NO DISCHARGE,,0.430,,,,,,,,,,,,,,,,,,,,,,,,,,,,,,,,,,,,,,,,,,,,,,,,,,,,,,,,,,,,,,,,,,,,,,,,,,,,,,,,,,,,,,,,,,,,,,,,,,,,
5 - 14TH & BOND,"MERCURY, TOTAL RECOVERABLE  (NO LONGER REQUIRED 9/1/2005)",UG/L,1 / 3 MO.,COMP/GRAB,<,0.200,,0.200,<,1.000,<,0.200,<,1.000,<,1.000,,NO DISCHARGE,,1.600,,1.700,,1.100,<,0.200,<,0.200,<,0.200,<,0.200,<,0.200,<,0.200,<,0.200,<,0.200,<,0.200,<,0.200,<,0.200,<,0.200,<,0.200,<,0.200,<,0.200,<,0.200,<,0.200,<,0.200,<,0.200,<,0.200,<,0.200,<,0.200,,0.200,,NO DISCHARGE,,1.120,,,,,,,,,,,,,,,,,,,,,,,,,,,,,,,,,,,,,,,,,,,,,,,,,,,,,,,,,,,,,,,,,,,,,,,,,,,,,,,,,,,,,,,,,,,,,,,,,,,,
5 - 14TH & BOND,"CYANIDE, TOTAL  (NO LONGER REQUIRED 9/1/2005)",UG/L,1 / 3 MO.,COMP/GRAB,<,10.000,,10.000,,9.000,,16.000,,18.000,,4.000,,NO DISCHARGE,<,9.000,<,9.000,<,9.000,<,9.000,<,9.000,<,9.000,<,9.000,<,9.000,<,9.000,<,9.000,<,9.000,<,9.000,<,9.000,<,9.000,<,9.000,<,9.000,<,9.000,<,9.000,<,9.000,<,9.000,<,9.000,<,9.000,<,9.000,<,0.009,<,9.000,<,0.009,,NO DISCHARGE,<,0.009,,,,,,,,,,,,,,,,,,,,,,,,,,,,,,,,,,,,,,,,,,,,,,,,,,,,,,,,,,,,,,,,,,,,,,,,,,,,,,,,,,,,,,,,,,,,,,,,,,,,
5 - 14TH & BOND,"BOD, 5 DAY",MG/L,1 / 3 MO.,COMP/GRAB,,43.000,,15.000,,9.900,,18.800,,6.700,,20.900,,NO DISCHARGE,,20.800,,7.500,,17.600,,11.600,,27.300,,26.400,,15.100,,11.400,,14.400,,15.600,,18.700,,5.700,,2.700,,0.900,,4.200,,1.300,,31.000,,18.600,,4.800,,6.500,,1.400,,10.300,,8.500,,3.700,,22.500,,4.700,,NO DISCHARGE,,7.120,,5.000,,8.500,,11.800,,NO DISCHARGE,,5.970,,8.064,,8.825,,13.700,,8.960,,5.900,,2.900,,7.200,,5.400,,2.800,,3.800,,7.500,,4.100,,3.000,,3.600,,12.400,,6.400,,7.300,,1.900,,11.000,,10.100,,NO DISCHARGE,,6.000,,6.000,,4.000,,8.000,,2.000,,7.000,,4.000,,4.000,,9.000,,16.000,,10.000,,10.000,,6.000,,6.000,,8.000,,7.000,,3.000,,3.000,,5.000,,5.000,,4.000,,3.000,,7.000,,4.000
5 - 14TH & BOND,PH,SU,1 / 3 MO.,GRAB,,7.170,,6.900,,7.700,,7.100,,7.030,,7.410,,NO DISCHARGE,,6.460,,7.480,,6.930,,8.400,,6.610,,6.260,,6.610,,6.110,,6.670,,6.460,,7.470,,6.860,,6.870,,6.810,,7.010,,7.210,,7.260,,6.890,,6.540,,5.810,,6.760,,6.860,,6.550,,6.770,,6.590,,6.430,,NO DISCHARGE,,6.030,,6.330,,6.830,,6.910,,NO DISCHARGE,,7.100,,7.120,,6.480,,6.150,,6.570,,6.700,,6.460,,6.300,,7.600,,6.930,,6.710,,6.290,,6.910,,6.810,,6.430,,6.480,,6.080,,6.350,,6.640,,5.960,,3.220,,NO DISCHARGE,,7.200,,6.300,,6.300,,7.500,,8.500,,6.700,,7.100,,8.500,,7.400,,6.500,,6.300,,7.100,,7.600,,6.500,,7.300,,6.400,,7.300,,7.000,,8.900,,7.300,,7.100,,6.700,,7.600,,6.200
5 - 14TH & BOND,"SOLIDS, TOTAL SUSPENDED",MG/L,1 / 3 MO.,COMP/GRAB,,124.000,,7.000,,126.000,,103.000,,169.000,,55.000,,NO DISCHARGE,,44.000,,77.000,,44.000,,38.000,,109.000,,192.000,,75.000,,33.000,,40.000,,154.000,,14.000,,23.000,,2.400,,4.000,,106.000,,3.000,,73.000,,68.000,,12.000,,33.000,,0.400,,82.000,,128.000,,1.200,,118.000,,102.000,,NO DISCHARGE,,72.000,,23.000,,28.000,,43.000,,NO DISCHARGE,,10.000,,204.000,,19.300,,18.000,,5.500,,17.000,,12.000,,4.800,,363.000,,74.000,,2.700,,12.000,,9.600,,8.000,,29.000,,498.000,,64.000,,130.000,,10.000,,56.000,,11.000,,NO DISCHARGE,,5.000,,3.000,,3.000,,14.000,,26.000,,6.000,,333.000,,10.000,,60.000,,2.000,,5.000,,16.000,,6.000,,9.000,,13.000,,7.000,,40.000,,12.000,,23.000,,18.000,,4.000,,15.000,,15.000,,1.000
5 - 14TH & BOND,OIL & GREASE,MG/L,1 / 3 MO.,GRAB,,1.410,,8.110,,0.200,,1.900,,0.300,,3.900,,NO DISCHARGE,,4.100,,2.500,,2.300,<,0.100,,4.200,,1.800,,0.800,,1.000,,0.300,,1.000,,10.600,,1.200,,0.100,,1.200,,0.300,,1.000,,0.500,,0.100,,2.300,,1.600,,1.200,,0.400,,0.900,,1.500,,0.900,,0.600,,NO DISCHARGE,,0.600,,0.500,,0.300,,0.800,,NO DISCHARGE,,0.500,,0.300,,0.600,,0.300,,0.100,,0.400,,0.500,,0.300,,0.400,,2.000,,0.700,,0.200,,0.200,,6.000,,1.100,,0.600,,1.300,,0.200,,0.700,,0.800,,0.400,,NO DISCHARGE,<,1.400,,2.300,<,1.400,<,1.400,<,1.400,<,1.400,<,1.600,<,1.400,<,1.400,<,1.400,<,2.100,<,1.400,<,1.400,,4.400,,4.800,<,1.400,<,1.400,<,1.400,,2.200,<,1.400,,1.400,,4.600,,2.200,,2.800
5 - 14TH & BOND,"NITROGEN, TOTAL",MG/L,1 / 3 MO.,COMP/GRAB,,4.080,,1.260,,0.940,,0.715,,1.270,,2.692,,NO DISCHARGE,,3.470,,1.800,,1.592,,6.084,,8.110,,19.360,,12.230,,7.260,,5.420,,15.450,,2.810,,4.480,,0.700,<,0.050,<,0.050,<,2.910,,0.690,,0.290,,0.050,,0.600,,0.280,,0.290,,0.900,,0.880,,0.050,,0.100,,NO DISCHARGE,<,0.050,,0.300,,0.250,,2.160,,NO DISCHARGE,,0.999,,1.225,,1.218,,2.930,,2.040,,2.000,,16.250,,1.530,,1.800,,1.660,,0.852,,0.970,,1.950,,1.007,,1.120,,2.240,,3.760,,1.510,,1.330,,6.922,,1.800,,NO DISCHARGE,,0.400,,1.040,,0.290,,0.390,,1.340,,0.560,,2.240,,0.420,,0.910,,0.580,,0.570,,0.430,,0.700,,0.390,,0.220,,0.450,,0.640,,0.430,,0.700,,0.540,,0.210,,0.740,,0.980,,0.630
5 - 14TH & BOND,"NITROGEN, KJELDAHL  (NO LONGER REQUIRED 12-2013)",MG/L,1 / 3 MO.,COMP/GRAB,,3.920,,1.120,,0.300,,0.440,,1.110,,1.750,,NO DISCHARGE,,2.410,,1.270,,0.462,,6.070,,6.730,,19.100,,10.500,,2.190,,5.010,,15.300,,2.190,,2.760,,0.650,,0.750,,2.320,,4.350,,4.410,,1.710,,4.350,,5.620,,1.740,,1.200,,1.630,,1.690,,0.800,,0.580,,NO DISCHARGE,,0.875,<,0.050,<,0.050,,1.070,,NO DISCHARGE,,2.160,,0.535,<,1.000,,3.240,,3.850,,1.000,,0.110,<,1.000,,0.500,,0.210,,0.550,,0.600,,0.147,,0.700,,0.030,,0.329,,0.115,,0.762,,0.309,,0.122,,0.740,,NO DISCHARGE,,0.400,,1.040,,0.260,,0.370,,0.090,,0.270,,0.190,,,,,,,,,,,,,,,,,,,,,,,,,,,,,,,,,,
5 - 14TH & BOND,"PHOSPHORUS, DISSOLVED",MG/L,1 / 3 MO.,COMP/GRAB,,0.630,,0.170,,0.593,,0.214,,0.160,,0.219,,NO DISCHARGE,,0.613,,1.130,,0.714,,0.550,,3.610,,1.170,,1.890,,0.310,,2.380,,0.700,,1.320,,1.090,,1.230,,0.100,,1.180,,1.060,,0.540,,1.130,,0.760,,0.500,,0.360,,0.370,,0.670,,0.380,,0.228,,0.034,,NO DISCHARGE,,0.270,,0.309,,0.150,,0.397,,NO DISCHARGE,,0.583,,0.180,,0.463,,0.960,<,0.100,,0.230,,0.300,<,1.000,,1.160,,0.900,<,1.000,,2.000,,1.900,,0.940,,0.600,,1.400,,0.700,,0.500,,0.280,,0.700,,0.600,,NO DISCHARGE,,0.170,,0.410,,0.380,,0.290,,0.190,,0.260,,0.470,,0.020,,0.720,,0.400,,0.370,,0.180,,0.360,,0.160,,0.100,<,0.050,,0.100,,0.360,,0.180,,0.110,,0.050,,0.240,,0.190,,0.140
5 - 14TH & BOND,HARDNESS (CACO3) TOTAL,MG/L,1 / 3 MO.,COMP/GRAB,,58.000,,24.000,,0.000,,0.000,,12.000,,26.000,,NO DISCHARGE,,40.000,,32.000,,40.000,,33.000,,26.000,,26.000,,32.000,,26.000,,52.000,,36.000,,38.000,,40.000,,32.000,,34.000,,36.000,,50.000,,16.000,,14.000,,12.000,,10.000,,6.000,,6.000,,58.000,,98.000,,77.000,,62.000,,NO DISCHARGE,,16.000,,14.000,,41.000,,16.000,,NO DISCHARGE,,19.300,,11.500,,0.800,,2.700,,1.140,,1.080,,30.000,,35.300,,3.430,,34.000,,26.000,,14.000,,32.000,,22.000,,26.000,,40.000,,40.000,,32.000,,40.000,,5.000,,22.000,,NO DISCHARGE,,8.000,,20.000,,12.000,,12.000,,24.000,,18.000,,32.000,,28.000,,20.000,,16.000,,12.000,,20.000,,16.000,,24.000,,32.000,,20.000,,12.000,,26.000,,6.000,,12.000,,12.000,,24.000,,26.000,,20.000
,,,,,,,,,,,,,,,,,,,,,,,,,,,,,,,,,,,,,,,,,,,,,,,,,,,,,,,,,,,,,,,,,,,,,,,,,,,,,,,,,,,,,,,,,,,,,,,,,,,,,,,,,,,,,,,,,,,,,,,,,,,,,,,,,,,,,,,,,,,,,,,,,,,,,,,,,,,,,,,,,,,,,,,,,,,,,,
5 - 14TH & BOND,"SILVER, TOTAL RECOVERABLE",UG/L,1 / 3 MO.,COMP/GRAB,<,1.000,,1.000,<,1.000,<,1.000,<,10.000,<,10.000,,NO DISCHARGE,<,1.000,<,1.000,<,1.000,<,1.000,<,1.000,<,5.000,<,5.000,<,5.000,<,5.000,<,5.000,<,5.000,<,5.000,<,5.000,<,5.000,<,5.000,<,5.000,<,5.000,<,5.000,<,5.000,<,5.000,<,5.000,<,5.000,<,5.000,<,5.000,<,5.000,,5.000,,NO DISCHARGE,,4.950,<,0.100,<,0.001,<,0.001,,NO DISCHARGE,<,0.001,<,0.001,<,0.001,<,0.001,<,1.000,<,1.000,,1.000,,1.800,<,0.200,<,0.100,<,0.100,<,0.100,,0.180,<,0.140,<,0.100,<,0.100,<,0.100,<,0.100,<,0.100,<,0.100,<,0.100,<,NO DISCHARGE,<,0.500,<,0.500,<,0.500,<,0.500,<,0.500,<,0.500,<,0.500,<,0.500,<,0.500,<,0.500,,6.000,<,0.500,,2.000,<,0.500,,1.000,<,0.500,,42.000,<,0.500,,4.000,,8.000,,0.500,,0.500,,4.000,,0.500
5 - 14TH & BOND,"ZINC, TOTAL RECOVERABLE",UG/L,1 / 3 MO.,COMP/GRAB,,138.000,,55.000,,223.000,,155.000,,86.000,,323.000,,NO DISCHARGE,,297.000,,191.000,,240.000,,221.000,,551.000,,68.000,,34.000,,21.000,,21.000,,23.000,,18.000,,11.000,<,5.000,<,5.000,<,5.000,<,5.000,<,5.000,<,5.000,<,5.000,<,5.000,<,5.000,<,5.000,<,5.000,<,5.000,<,5.000,,5.000,,NO DISCHARGE,,189.000,,159.500,,0.218,,0.252,,NO DISCHARGE,,0.164,,0.171,,0.120,,0.210,,109.400,,75.900,,67.400,,60.200,,119.800,,89.400,,36.000,,23.900,,47.700,,62.600,,92.500,,239.200,,109.400,,114.000,,91.500,,4.300,,110.800,,NO DISCHARGE,,65.430,,49.000,<,1.000,<,1.000,<,1.000,,9.400,,210.000,<,0.080,<,1.000,,41.000,,242.000,<,69.000,,5.000,<,30.000,,57.000,,2.200,,96.000,,76.120,,25.000,,13.000,,62.000,,122.700,,68.000,,73.600
5 - 14TH & BOND,"CADMIUM, TOTAL RECOVERABLE",UG/L,1 / 3 MO.,COMP/GRAB,<,0.500,,0.500,<,1.000,<,1.000,,9.000,<,1.000,,NO DISCHARGE,<,1.000,<,1.000,<,1.000,<,1.000,<,1.000,<,1.000,<,1.000,<,1.000,<,1.000,<,1.000,<,1.000,<,5.000,<,1.000,<,1.000,<,1.000,<,1.000,<,1.000,<,1.000,<,1.000,<,1.000,<,1.000,<,1.000,<,1.000,<,1.000,<,1.000,,1.460,,NO DISCHARGE,,0.260,<,0.100,<,0.001,,0.001,,NO DISCHARGE,<,0.001,<,0.001,,0.014,,0.001,<,1.000,<,1.000,,1.000,<,1.000,,0.630,,0.300,<,0.100,<,6.100,<,0.300,,0.350,,0.830,<,0.800,<,2.830,,0.300,<,0.100,<,0.100,<,0.100,,NO DISCHARGE,<,0.100,<,0.100,<,0.100,<,0.500,<,0.100,<,0.100,<,0.100,<,0.100,<,0.100,<,0.100,,7.000,<,0.100,<,0.100,,0.100,<,0.100,,3.300,<,0.100,,3.340,,2.000,,5.000,,4.000,,1.500,,0.600,,0.100
5 - 14TH & BOND,"LEAD, TOTAL RECOVERABLE",UG/L,1 / 3 MO.,COMP/GRAB,,19.800,,1.000,,52.000,,14.000,,13.000,,28.000,,NO DISCHARGE,,12.000,,36.000,,3.000,<,1.000,,24.400,,11.000,,7.000,,1.000,,1.000,,1.000,<,1.000,<,1.000,<,1.000,<,1.000,<,1.000,<,1.000,<,1.000,<,1.000,<,1.000,<,1.000,<,1.000,<,1.000,<,1.000,<,1.000,<,5.000,,1.000,,NO DISCHARGE,,16.700,<,0.100,<,0.001,,0.004,,NO DISCHARGE,<,0.004,,0.023,,0.006,,0.014,,8.000,,9.000,,9.000,,2.400,,10.100,,9.300,,0.200,,3.220,,3.900,,5.900,,5.200,,5.120,,6.070,,6.700,,3.400,<,0.100,,4.220,,NO DISCHARGE,,3.510,,0.900,,5.200,<,0.500,,195.000,<,0.500,,65.000,<,0.500,,10.000,,20.000,<,0.500,<,6.000,,3.000,,3.000,,4.000,<,0.500,,54.000,,19.730,,10.000,<,0.500,,8.000,,0.500,,6.000,,1.900
,,,,,,,,,,,,,,,,,,,,,,,,,,,,,,,,,,,,,,,,,,,,,,,,,,,,,,,,,,,,,,,,,,,,,,,,,,,,,,,,,,,,,,,,,,,,,,,,,,,,,,,,,,,,,,,,,,,,,,,,,,,,,,,,,,,,,,,,,,,,,,,,,,,,,,,,,,,,,,,,,,,,,,,,,,,,,,
5 - 14TH & BOND,"COPPER, TOTAL RECOVERABLE",UG/L,1 / 3 MO.,COMP/GRAB,,12.600,,6.050,,22.300,,8.000,,13.000,,27.000,,NO DISCHARGE,,7.000,,16.000,<,1.000,<,1.000,<,1.000,<,5.000,<,5.000,<,5.000,<,5.000,<,5.000,<,5.000,<,5.000,<,5.000,<,5.000,<,5.000,<,5.000,<,5.000,<,5.000,<,5.000,<,5.000,<,5.000,<,5.000,<,5.000,<,5.000,<,5.000,,5.000,,NO DISCHARGE,,10.100,,4.200,,0.010,,0.025,,NO DISCHARGE,,0.017,,0.030,,0.028,,0.024,,12.200,,9.700,,13.600,,21.700,,22.400,,21.300,,56.200,,36.100,,10.440,,15.300,,10.500,,40.600,,29.800,,13.100,<,0.100,,2.900,,15.100,,NO DISCHARGE,,15.630,,7.100,,4.300,<,0.500,,35.000,<,0.500,,12.000,<,0.500,,16.000,,2.000,,10.000,<,8.000,,21.000,<,0.500,,2.000,<,0.500,,10.000,,20.140,,1.000,,9.000,,9.000,,15.100,,10.000,,5.300
5 - 14TH & BOND,FLOW IN CONDUIT / THRU TREAT. PLANT,MGD,1 / 3 MO.,INST,,0.017,,0.014,,3.500,,1.290,,0.395,,1.080,,NO DISCHARGE,,0.540,,2.600,,0.054,,0.003,,0.071,,2.584,,1.070,,0.269,,1.070,,1.070,,0.161,,1.938,,2.360,,1.292,,15.540,,2.540,,1.615,,2.584,,0.484,,0.323,,0.928,,1.292,,1.070,,1.540,,2.584,,1.696,,NO DISCHARGE,,2.080,,3.230,,2.423,,1.722,,NO DISCHARGE,,0.540,,0.002,,10.430,,0.808,,0.270,,0.646,,4.306,,0.618,,0.646,,1.615,,1.291,,2.151,,2.581,,0.162,,0.417,,0.065,,0.234,,4.443,,3.876,,0.002,,1.291,,NO DISCHARGE,,0.03600,,0.000734,,0.001440,,0.007200,,0.19480,,0.002880,,0.172800,,0.020160,,0.005760,,0.003456,,0.018000,,0.001915,,0.860900,,4.565000,,0.010800,,0.043200,,0.007848,,0.051700,,0.001512,,0.014400,,0.603400,,0.099750,,0.005068,,0.001758
5 - 14TH & BOND,"SOLIDS, TOTAL DISSOLVED",MG/L,1 / 3 MO.,COMP/GRAB,,113.000,,76.000,,41.500,,153.500,,64.200,,71.000,,NO DISCHARGE,,35.300,,28.700,,40.000,,69.500,,63.500,,92.000,,55.000,,23.000,,95.000,,68.000,,57.000,,85.000,,15.500,,16.000,,52.000,,81.000,,27.200,,77.000,,64.000,,4.400,,79.500,,78.000,,75.000,,59.000,,110.000,,42.500,,NO DISCHARGE,,39.500,,107.500,,52.000,,68.000,,NO DISCHARGE,,51.000,,62.000,,82.000,,137.000,,63.000,,35.000,,76.000,,31.000,,304.000,,84.000,,146.000,,52.000,,28.000,,82.000,,46.000,,448.000,,59.000,,169.000,,43.000,,50.000,,76.000,,NO DISCHARGE,,52.000,,3.000,,60.000,,154,,58.000,,84.000,,56.000,,24.000,,66.000,,10.000,,40.000,,58.000,,38.000,,266.000,,110.000,,66.000,,30.000,,18.000,,78.000,,94.000,,86.000,,10.000,,58.000,,32.000
,,,,,,,,,,,,,,,,,,,,,,,,,,,,,,,,,,,,,,,,,,,,,,,,,,,,,,,,,,,,,,,,,,,,,,,,,,,,,,,,,,,,,,,,,,,,,,,,,,,,,,,,,,,,,,,,,,,,,,,,,,,,,,,,,,,,,,,,,,,,,,,,,,,,,,,,,,,,,,,,,,,,,,,,,,,,,,
5 - 14TH & BOND,"STREPTOCOCCI, FECAL MATERIAL",#/100ML,1 / 3 MO.,GRAB,,69,,460,,24000,<,20,<,20,,73000,,NO DISCHARGE,,120000,,13000,,3110,,980,,6530,,82000,,26000,,20000,>,200000,,1005000,,114000,,80000,,3300,,140,,30000,,170000,,96000,,9100,,30000,,350000,,400000,,155000,,1220000,,2600,,50000,,78000,,NO DISCHARGE,,1800,<,10,,10500,,2000,,NO DISCHARGE,,1200,,400,,2900,,16000,,5100,,1200,,100,,1200,,2200,,1650,,1000,,3300,,5800,,100,,7000,,4400,,12600,,4900,,6700,,11650,,6350,,NO DISCHARGE,,72,,1490,<,1,,290,,50,,832,,105,<,5,,1500,,2400,,1055,<,220,,545,,625,,910,,56,,476,,25,,450,,517,,25,,1210,,130,,550
5 - 14TH & BOND,"E.COLI  (CHANGED FROM COLIFORM, FECAL 8/31/2005)",#/100ML,1 / 3 MO.,GRAB,<,1,,1,,43000,,29000,,1520,,5300,,NO DISCHARGE,,90000,,2260,,1120,,2030,,24000,,33000,,36400,,6000,>,200000,,65000,,34000,,210000,,4400,,125,,60000,,40000,,68000,,6800,,50000,,90000,,160000,,25000,,970000,,1100,,50000,,4800,,NO DISCHARGE,,2200,<,10,,80,,20000,,NO DISCHARGE,<,3250,<,100,,4800,,6800,,1600,,200,,6600,,5900,,1400,,200,,1100,,6000,,6000,,200,,8000,,3900,,8800,,4400,,7650,,6600,,6300,,NO DISCHARGE,,154,,1805,<,1,,244,,125,,260,,60,<,5,,1000,,1290,,1005,<,180,,610,,600,,830,,82,,512,,50,,1350,,545,,110,,350,,150,,770
,,,,,,,,,,,,,,,,,,,,,,,,,,,,,,,,,,,,,,,,,,,,,,,,,,,,,,,,,,,,,,,,,,,,,,,,,,,,,,,,,,,,,,,,,,,,,,,,,,,,,,,,,,,,,,,,,,,,,,,,,,,,,,,,,,,,,,,,,,,,,,,,,,,,,,,,,,,,,,,,,,,,,,,,,,,,,,
5 - 14TH & BOND,"BOD, CARBONACEOUS 5 DAY (NO LONGER REQUIRED 12-2013)",MG/L,1 / 3 MO.,COMP/GRAB,,17.000,,7.000,,8.600,,17.900,,5.800,,20.200,,NO DISCHARGE,,19.600,,6.500,,16.300,,11.300,,27.000,,24.900,,10.800,,9.700,,13.100,,14.800,,17.900,,3.800,,2.000,,0.900,,3.500,,1.100,,27.600,,15.000,,4.400,,5.600,,2.900,,8.500,,14.300,,5.400,,13.100,,3.900,,NO DISCHARGE,,5.670,,4.000,,8.100,,10.600,,NO DISCHARGE,,4.460,,7.019,,8.156,,14.010,,7.520,,7.230,,2.180,,5.300,,7.400,,4.200,,3.700,,5.400,,4.500,,5.800,,4.600,,11.500,,3.500,,12.000,,4.400,,6.900,,9.300,,NO DISCHARGE,,NO DISCHARGE,,4.000,,20.000,,5,<,2,,5.000,,3.000,,,,,,,,,,,,,,,,,,,,,,,,,,,,,,,,,,
,,,,,,,,,,,,,,,,,,,,,,,,,,,,,,,,,,,,,,,,,,,,,,,,,,,,,,,,,,,,,,,,,,,,,,,,,,,,,,,,,,,,,,,,,,,,,,,,,,,,,,,,,,,,,,,,,,,,,,,,,,,,,,,,,,,,,,,,,,,,,,,,,,,,,,,,,,,,,,,,,,,,,,,,,,,,,,
,,,,,,,,,,,,,,,,,,,,,,,,,,,,,,,,,,,,,,,,,,,,,,,,,,,,,,,,,,,,,,,,,,,,,,,,,,,,,,,,,,,,,,,,,,,,,,,,,,,,,,,,,,,,,,,,,,,,,,,,,,,,,,,,,,,,,,,,,,,,,,,,,,,,,,,,,,,,,,,,,,,,,,,,,,,,,,
,,,,,,,,,,,,,,,,,,,,,,,,,,,,,,,,,,,,,,,,,,,,,,,,,,,,,,,,,,,,,,,,,,,,,,,,,,,,,,,,,,,,,,,,,,,,,,,,,,,,,,,,,,,,,,,,,,,,,,,,,,,,,,,,,,,,,,,,,,,,,,,,,,,,,,,,,,,,,,,,,,,,,,,,,,,,,,
,,,,,,,,,,,,,,,,,,,,,,,,,,,,,,,,,,,,,,,,,,,,,,,,,,,,,,,,,,,,,,,,,,,,,,,,,,,,,,,,,,,,,,,,,,,,,,,,,,,,,,,,,,,,,,,,,,,,,,,,,,,,,,,,,,,,,,,,,,,,,,,,,,,,,,,,,,,,,,,,,,,,,,,,,,,,,,
,,,,,,,,,,,,,,,,,,,,,,,,,,,,,,,,,,,,,,,,,,,,,,,,,,,,,,,,,,,,,,,,,,,,,,,,,,,,,,,,,,,,,,,,,,,,,,,,,,,,,,,,,,,,,,,,,,,,,,,,,,,,,,,,,,,,,,,,,,,,,,,,,,,,,,,,,,,,,,,,,,,,,,,,,,,,,,
,,,,,,,,,,,,,,,,,,,,,,,,,,,,,,,,,,,,,,,,,,,,,,,,,,,,,,,,,,,,,,,,,,,,,,,,,,,,,,,,,,,,,,,,,,,,,,,,,,,,,,,,,,,,,,,,,,,,,,,,,,,,,,,,,,,,,,,,,,,,,,,,,,,,,,,,,,,,,,,,,,,,,,,,,,,,,,
,,,,,,,,,,,,,,,,,,,,,,,,,,,,,,,,,,,,,,,,,,,,,,,,,,,,,,,,,,,,,,,,,,,,,,,,,,,,,,,,,,,,,,,,,,,,,,,,,,,,,,,,,,,,,,,,,,,,,,,,,,,,,,,,,,,,,,,,,,,,,,,,,,,,,,,,,,,,,,,,,,,,,,,,,,,,,,
,,,,,,,,,,,,,,,,,,,,,,,,,,,,,,,,,,,,,,,,,,,,,,,,,,,,,,,,,,,,,,,,,,,,,,,,,,,,,,,,,,,,,,,,,,,,,,,,,,,,,,,,,,,,,,,,,,,,,,,,,,,,,,,,,,,,,,,,,,,,,,,,,,,,,,,,,,,,,,,,,,,,,,,,,,,,,,
,,,,,,,,,,,,,,,,,,,,,,,,,,,,,,,,,,,,,,,,,,,,,,,,,,,,,,,,,,,,,,,,,,,,,,,,,,,,,,,,,,,,,,,,,,,,,,,,,,,,,,,,,,,,,,,,,,,,,,,,,,,,,,,,,,,,,,,,,,,,,,,,,,,,,,,,,,,,,,,,,,,,,,,,,,,,,,
,,,,,,,,,,,,,,,,,,,,,,,,,,,,,,,,,,,,,,,,,,,,,,,,,,,,,,,,,,,,,,,,,,,,,,,,,,,,,,,,,,,,,,,,,,,,,,,,,,,,,,,,,,,,,,,,,,,,,,,,,,,,,,,,,,,,,,,,,,,,,,,,,,,,,,,,,,,,,,,,,,,,,,,,,,,,,,
,,,,,,,,,,,,,,,,,,,,,,,,,,,,,,,,,,,,,,,,,,,,,,,,,,,,,,,,,,,,,,,,,,,,,,,,,,,,,,,,,,,,,,,,,,,,,,,,,,,,,,,,,,,,,,,,,,,,,,,,,,,,,,,,,,,,,,,,,,,,,,,,,,,,,,,,,,,,,,,,,,,,,,,,,,,,,,
,,,,,,,,,,,,,,,,,,,,,,,,,,,,,,,,,,,,,,,,,,,,,,,,,,,,,,,,,,,,,,,,,,,,,,,,,,,,,,,,,,,,,,,,,,,,,,,,,,,,,,,,,,,,,,,,,,,,,,,,,,,,,,,,,,,,,,,,,,,,,,,,,,,,,,,,,,,,,,,,,,,,,,,,,,,,,,
,,,,,,,,,,,,,,,,,,,,,,,,,,,,,,,,,,,,,,,,,,,,,,,,,,,,,,,,,,,,,,,,,,,,,,,,,,,,,,,,,,,,,,,,,,,,,,,,,,,,,,,,,,,,,,,,,,,,,,,,,,,,,,,,,,,,,,,,,,,,,,,,,,,,,,,,,,,,,,,,,,,,,,,,,,,,,,
,,,,,,,,,,,,,,,,,,,,,,,,,,,,,,,,,,,,,,,,,,,,,,,,,,,,,,,,,,,,,,,,,,,,,,,,,,,,,,,,,,,,,,,,,,,,,,,,,,,,,,,,,,,,,,,,,,,,,,,,,,,,,,,,,,,,,,,,,,,,,,,,,,,,,,,,,,,,,,,,,,,,,,,,,,,,,,
,,,,,,,,,,,,,,,,,,,,,,,,,,,,,,,,,,,,,,,,,,,,,,,,,,,,,,,,,,,,,,,,,,,,,,,,,,,,,,,,,,,,,,,,,,,,,,,,,,,,,,,,,,,,,,,,,,,,,,,,,,,,,,,,,,,,,,,,,,,,,,,,,,,,,,,,,,,,,,,,,,,,,,,,,,,,,,
,,,,,,,,,,,,,,,,,,,,,,,,,,,,,,,,,,,,,,,,,,,,,,,,,,,,,,,,,,,,,,,,,,,,,,,,,,,,,,,,,,,,,,,,,,,,,,,,,,,,,,,,,,,,,,,,,,,,,,,,,,,,,,,,,,,,,,,,,,,,,,,,,,,,,,,,,,,,,,,,,,,,,,,,,,,,,,
,,,,,,,,,,,,,,,,,,,,,,,,,,,,,,,,,,,,,,,,,,,,,,,,,,,,,,,,,,,,,,,,,,,,,,,,,,,,,,,,,,,,,,,,,,,,,,,,,,,,,,,,,,,,,,,,,,,,,,,,,,,,,,,,,,,,,,,,,,,,,,,,,,,,,,,,,,,,,,,,,,,,,,,,,,,,,,
,,,,,,,,,,,,,,,,,,,,,,,,,,,,,,,,,,,,,,,,,,,,,,,,,,,,,,,,,,,,,,,,,,,,,,,,,,,,,,,,,,,,,,,,,,,,,,,,,,,,,,,,,,,,,,,,,,,,,,,,,,,,,,,,,,,,,,,,,,,,,,,,,,,,,,,,,,,,,,,,,,,,,,,,,,,,,,
,,,,,,,,,,,,,,,,,,,,,,,,,,,,,,,,,,,,,,,,,,,,,,,,,,,,,,,,,,,,,,,,,,,,,,,,,,,,,,,,,,,,,,,,,,,,,,,,,,,,,,,,,,,,,,,,,,,,,,,,,,,,,,,,,,,,,,,,,,,,,,,,,,,,,,,,,,,,,,,,,,,,,,,,,,,,,,
,,,,,,,,,,,,,,,,,,,,,,,,,,,,,,,,,,,,,,,,,,,,,,,,,,,,,,,,,,,,,,,,,,,,,,,,,,,,,,,,,,,,,,,,,,,,,,,,,,,,,,,,,,,,,,,,,,,,,,,,,,,,,,,,,,,,,,,,,,,,,,,,,,,,,,,,,,,,,,,,,,,,,,,,,,,,,,
,,,,,,,,,,,,,,,,,,,,,,,,,,,,,,,,,,,,,,,,,,,,,,,,,,,,,,,,,,,,,,,,,,,,,,,,,,,,,,,,,,,,,,,,,,,,,,,,,,,,,,,,,,,,,,,,,,,,,,,,,,,,,,,,,,,,,,,,,,,,,,,,,,,,,,,,,,,,,,,,,,,,,,,,,,,,,,
,,,,,,,,,,,,,,,,,,,,,,,,,,,,,,,,,,,,,,,,,,,,,,,,,,,,,,,,,,,,,,,,,,,,,,,,,,,,,,,,,,,,,,,,,,,,,,,,,,,,,,,,,,,,,,,,,,,,,,,,,,,,,,,,,,,,,,,,,,,,,,,,,,,,,,,,,,,,,,,,,,,,,,,,,,,,,,
,,,,,,,,,,,,,,,,,,,,,,,,,,,,,,,,,,,,,,,,,,,,,,,,,,,,,,,,,,,,,,,,,,,,,,,,,,,,,,,,,,,,,,,,,,,,,,,,,,,,,,,,,,,,,,,,,,,,,,,,,,,,,,,,,,,,,,,,,,,,,,,,,,,,,,,,,,,,,,,,,,,,,,,,,,,,,,
,,,,,,,,,,,,,,,,,,,,,,,,,,,,,,,,,,,,,,,,,,,,,,,,,,,,,,,,,,,,,,,,,,,,,,,,,,,,,,,,,,,,,,,,,,,,,,,,,,,,,,,,,,,,,,,,,,,,,,,,,,,,,,,,,,,,,,,,,,,,,,,,,,,,,,,,,,,,,,,,,,,,,,,,,,,,,,
,,,,,,,,,,,,,,,,,,,,,,,,,,,,,,,,,,,,,,,,,,,,,,,,,,,,,,,,,,,,,,,,,,,,,,,,,,,,,,,,,,,,,,,,,,,,,,,,,,,,,,,,,,,,,,,,,,,,,,,,,,,,,,,,,,,,,,,,,,,,,,,,,,,,,,,,,,,,,,,,,,,,,,,,,,,,,,
,,,,,,,,,,,,,,,,,,,,,,,,,,,,,,,,,,,,,,,,,,,,,,,,,,,,,,,,,,,,,,,,,,,,,,,,,,,,,,,,,,,,,,,,,,,,,,,,,,,,,,,,,,,,,,,,,,,,,,,,,,,,,,,,,,,,,,,,,,,,,,,,,,,,,,,,,,,,,,,,,,,,,,,,,,,,,,
,,,,,,,,,,,,,,,,,,,,,,,,,,,,,,,,,,,,,,,,,,,,,,,,,,,,,,,,,,,,,,,,,,,,,,,,,,,,,,,,,,,,,,,,,,,,,,,,,,,,,,,,,,,,,,,,,,,,,,,,,,,,,,,,,,,,,,,,,,,,,,,,,,,,,,,,,,,,,,,,,,,,,,,,,,,,,,
,,,,,,,,,,,,,,,,,,,,,,,,,,,,,,,,,,,,,,,,,,,,,,,,,,,,,,,,,,,,,,,,,,,,,,,,,,,,,,,,,,,,,,,,,,,,,,,,,,,,,,,,,,,,,,,,,,,,,,,,,,,,,,,,,,,,,,,,,,,,,,,,,,,,,,,,,,,,,,,,,,,,,,,,,,,,,,
,,,,,,,,,,,,,,,,,,,,,,,,,,,,,,,,,,,,,,,,,,,,,,,,,,,,,,,,,,,,,,,,,,,,,,,,,,,,,,,,,,,,,,,,,,,,,,,,,,,,,,,,,,,,,,,,,,,,,,,,,,,,,,,,,,,,,,,,,,,,,,,,,,,,,,,,,,,,,,,,,,,,,,,,,,,,,,
,,,,,,,,,,,,,,,,,,,,,,,,,,,,,,,,,,,,,,,,,,,,,,,,,,,,,,,,,,,,,,,,,,,,,,,,,,,,,,,,,,,,,,,,,,,,,,,,,,,,,,,,,,,,,,,,,,,,,,,,,,,,,,,,,,,,,,,,,,,,,,,,,,,,,,,,,,,,,,,,,,,,,,,,,,,,,,
,,,,,,,,,,,,,,,,,,,,,,,,,,,,,,,,,,,,,,,,,,,,,,,,,,,,,,,,,,,,,,,,,,,,,,,,,,,,,,,,,,,,,,,,,,,,,,,,,,,,,,,,,,,,,,,,,,,,,,,,,,,,,,,,,,,,,,,,,,,,,,,,,,,,,,,,,,,,,,,,,,,,,,,,,,,,,,
,,,,,,,,,,,,,,,,,,,,,,,,,,,,,,,,,,,,,,,,,,,,,,,,,,,,,,,,,,,,,,,,,,,,,,,,,,,,,,,,,,,,,,,,,,,,,,,,,,,,,,,,,,,,,,,,,,,,,,,,,,,,,,,,,,,,,,,,,,,,,,,,,,,,,,,,,,,,,,,,,,,,,,,,,,,,,,
,,,,,,,,,,,,,,,,,,,,,,,,,,,,,,,,,,,,,,,,,,,,,,,,,,,,,,,,,,,,,,,,,,,,,,,,,,,,,,,,,,,,,,,,,,,,,,,,,,,,,,,,,,,,,,,,,,,,,,,,,,,,,,,,,,,,,,,,,,,,,,,,,,,,,,,,,,,,,,,,,,,,,,,,,,,,,,
,,,,,,,,,,,,,,,,,,,,,,,,,,,,,,,,,,,,,,,,,,,,,,,,,,,,,,,,,,,,,,,,,,,,,,,,,,,,,,,,,,,,,,,,,,,,,,,,,,,,,,,,,,,,,,,,,,,,,,,,,,,,,,,,,,,,,,,,,,,,,,,,,,,,,,,,,,,,,,,,,,,,,,,,,,,,,,
,,,,,,,,,,,,,,,,,,,,,,,,,,,,,,,,,,,,,,,,,,,,,,,,,,,,,,,,,,,,,,,,,,,,,,,,,,,,,,,,,,,,,,,,,,,,,,,,,,,,,,,,,,,,,,,,,,,,,,,,,,,,,,,,,,,,,,,,,,,,,,,,,,,,,,,,,,,,,,,,,,,,,,,,,,,,,,
,,,,,,,,,,,,,,,,,,,,,,,,,,,,,,,,,,,,,,,,,,,,,,,,,,,,,,,,,,,,,,,,,,,,,,,,,,,,,,,,,,,,,,,,,,,,,,,,,,,,,,,,,,,,,,,,,,,,,,,,,,,,,,,,,,,,,,,,,,,,,,,,,,,,,,,,,,,,,,,,,,,,,,,,,,,,,,
,,,,,,,,,,,,,,,,,,,,,,,,,,,,,,,,,,,,,,,,,,,,,,,,,,,,,,,,,,,,,,,,,,,,,,,,,,,,,,,,,,,,,,,,,,,,,,,,,,,,,,,,,,,,,,,,,,,,,,,,,,,,,,,,,,,,,,,,,,,,,,,,,,,,,,,,,,,,,,,,,,,,,,,,,,,,,,
,,,,,,,,,,,,,,,,,,,,,,,,,,,,,,,,,,,,,,,,,,,,,,,,,,,,,,,,,,,,,,,,,,,,,,,,,,,,,,,,,,,,,,,,,,,,,,,,,,,,,,,,,,,,,,,,,,,,,,,,,,,,,,,,,,,,,,,,,,,,,,,,,,,,,,,,,,,,,,,,,,,,,,,,,,,,,,
,,,,,,,,,,,,,,,,,,,,,,,,,,,,,,,,,,,,,,,,,,,,,,,,,,,,,,,,,,,,,,,,,,,,,,,,,,,,,,,,,,,,,,,,,,,,,,,,,,,,,,,,,,,,,,,,,,,,,,,,,,,,,,,,,,,,,,,,,,,,,,,,,,,,,,,,,,,,,,,,,,,,,,,,,,,,,,
,,,,,,,,,,,,,,,,,,,,,,,,,,,,,,,,,,,,,,,,,,,,,,,,,,,,,,,,,,,,,,,,,,,,,,,,,,,,,,,,,,,,,,,,,,,,,,,,,,,,,,,,,,,,,,,,,,,,,,,,,,,,,,,,,,,,,,,,,,,,,,,,,,,,,,,,,,,,,,,,,,,,,,,,,,,,,,
,,,,,,,,,,,,,,,,,,,,,,,,,,,,,,,,,,,,,,,,,,,,,,,,,,,,,,,,,,,,,,,,,,,,,,,,,,,,,,,,,,,,,,,,,,,,,,,,,,,,,,,,,,,,,,,,,,,,,,,,,,,,,,,,,,,,,,,,,,,,,,,,,,,,,,,,,,,,,,,,,,,,,,,,,,,,,,
,,,,,,,,,,,,,,,,,,,,,,,,,,,,,,,,,,,,,,,,,,,,,,,,,,,,,,,,,,,,,,,,,,,,,,,,,,,,,,,,,,,,,,,,,,,,,,,,,,,,,,,,,,,,,,,,,,,,,,,,,,,,,,,,,,,,,,,,,,,,,,,,,,,,,,,,,,,,,,,,,,,,,,,,,,,,,,
,,,,,,,,,,,,,,,,,,,,,,,,,,,,,,,,,,,,,,,,,,,,,,,,,,,,,,,,,,,,,,,,,,,,,,,,,,,,,,,,,,,,,,,,,,,,,,,,,,,,,,,,,,,,,,,,,,,,,,,,,,,,,,,,,,,,,,,,,,,,,,,,,,,,,,,,,,,,,,,,,,,,,,,,,,,,,,
,,,,,,,,,,,,,,,,,,,,,,,,,,,,,,,,,,,,,,,,,,,,,,,,,,,,,,,,,,,,,,,,,,,,,,,,,,,,,,,,,,,,,,,,,,,,,,,,,,,,,,,,,,,,,,,,,,,,,,,,,,,,,,,,,,,,,,,,,,,,,,,,,,,,,,,,,,,,,,,,,,,,,,,,,,,,,,
,,,,,,,,,,,,,,,,,,,,,,,,,,,,,,,,,,,,,,,,,,,,,,,,,,,,,,,,,,,,,,,,,,,,,,,,,,,,,,,,,,,,,,,,,,,,,,,,,,,,,,,,,,,,,,,,,,,,,,,,,,,,,,,,,,,,,,,,,,,,,,,,,,,,,,,,,,,,,,,,,,,,,,,,,,,,,,
,,,,,,,,,,,,,,,,,,,,,,,,,,,,,,,,,,,,,,,,,,,,,,,,,,,,,,,,,,,,,,,,,,,,,,,,,,,,,,,,,,,,,,,,,,,,,,,,,,,,,,,,,,,,,,,,,,,,,,,,,,,,,,,,,,,,,,,,,,,,,,,,,,,,,,,,,,,,,,,,,,,,,,,,,,,,,,
,,,,,,,,,,,,,,,,,,,,,,,,,,,,,,,,,,,,,,,,,,,,,,,,,,,,,,,,,,,,,,,,,,,,,,,,,,,,,,,,,,,,,,,,,,,,,,,,,,,,,,,,,,,,,,,,,,,,,,,,,,,,,,,,,,,,,,,,,,,,,,,,,,,,,,,,,,,,,,,,,,,,,,,,,,,,,,
,,,,,,,,,,,,,,,,,,,,,,,,,,,,,,,,,,,,,,,,,,,,,,,,,,,,,,,,,,,,,,,,,,,,,,,,,,,,,,,,,,,,,,,,,,,,,,,,,,,,,,,,,,,,,,,,,,,,,,,,,,,,,,,,,,,,,,,,,,,,,,,,,,,,,,,,,,,,,,,,,,,,,,,,,,,,,,
,,,,,,,,,,,,,,,,,,,,,,,,,,,,,,,,,,,,,,,,,,,,,,,,,,,,,,,,,,,,,,,,,,,,,,,,,,,,,,,,,,,,,,,,,,,,,,,,,,,,,,,,,,,,,,,,,,,,,,,,,,,,,,,,,,,,,,,,,,,,,,,,,,,,,,,,,,,,,,,,,,,,,,,,,,,,,,
,,,,,,,,,,,,,,,,,,,,,,,,,,,,,,,,,,,,,,,,,,,,,,,,,,,,,,,,,,,,,,,,,,,,,,,,,,,,,,,,,,,,,,,,,,,,,,,,,,,,,,,,,,,,,,,,,,,,,,,,,,,,,,,,,,,,,,,,,,,,,,,,,,,,,,,,,,,,,,,,,,,,,,,,,,,,,,
,,,,,,,,,,,,,,,,,,,,,,,,,,,,,,,,,,,,,,,,,,,,,,,,,,,,,,,,,,,,,,,,,,,,,,,,,,,,,,,,,,,,,,,,,,,,,,,,,,,,,,,,,,,,,,,,,,,,,,,,,,,,,,,,,,,,,,,,,,,,,,,,,,,,,,,,,,,,,,,,,,,,,,,,,,,,,,
,,,,,,,,,,,,,,,,,,,,,,,,,,,,,,,,,,,,,,,,,,,,,,,,,,,,,,,,,,,,,,,,,,,,,,,,,,,,,,,,,,,,,,,,,,,,,,,,,,,,,,,,,,,,,,,,,,,,,,,,,,,,,,,,,,,,,,,,,,,,,,,,,,,,,,,,,,,,,,,,,,,,,,,,,,,,,,
,,,,,,,,,,,,,,,,,,,,,,,,,,,,,,,,,,,,,,,,,,,,,,,,,,,,,,,,,,,,,,,,,,,,,,,,,,,,,,,,,,,,,,,,,,,,,,,,,,,,,,,,,,,,,,,,,,,,,,,,,,,,,,,,,,,,,,,,,,,,,,,,,,,,,,,,,,,,,,,,,,,,,,,,,,,,,,
,,,,,,,,,,,,,,,,,,,,,,,,,,,,,,,,,,,,,,,,,,,,,,,,,,,,,,,,,,,,,,,,,,,,,,,,,,,,,,,,,,,,,,,,,,,,,,,,,,,,,,,,,,,,,,,,,,,,,,,,,,,,,,,,,,,,,,,,,,,,,,,,,,,,,,,,,,,,,,,,,,,,,,,,,,,,,,
,,,,,,,,,,,,,,,,,,,,,,,,,,,,,,,,,,,,,,,,,,,,,,,,,,,,,,,,,,,,,,,,,,,,,,,,,,,,,,,,,,,,,,,,,,,,,,,,,,,,,,,,,,,,,,,,,,,,,,,,,,,,,,,,,,,,,,,,,,,,,,,,,,,,,,,,,,,,,,,,,,,,,,,,,,,,,,
,,,,,,,,,,,,,,,,,,,,,,,,,,,,,,,,,,,,,,,,,,,,,,,,,,,,,,,,,,,,,,,,,,,,,,,,,,,,,,,,,,,,,,,,,,,,,,,,,,,,,,,,,,,,,,,,,,,,,,,,,,,,,,,,,,,,,,,,,,,,,,,,,,,,,,,,,,,,,,,,,,,,,,,,,,,,,,
,,,,,,,,,,,,,,,,,,,,,,,,,,,,,,,,,,,,,,,,,,,,,,,,,,,,,,,,,,,,,,,,,,,,,,,,,,,,,,,,,,,,,,,,,,,,,,,,,,,,,,,,,,,,,,,,,,,,,,,,,,,,,,,,,,,,,,,,,,,,,,,,,,,,,,,,,,,,,,,,,,,,,,,,,,,,,,
,,,,,,,,,,,,,,,,,,,,,,,,,,,,,,,,,,,,,,,,,,,,,,,,,,,,,,,,,,,,,,,,,,,,,,,,,,,,,,,,,,,,,,,,,,,,,,,,,,,,,,,,,,,,,,,,,,,,,,,,,,,,,,,,,,,,,,,,,,,,,,,,,,,,,,,,,,,,,,,,,,,,,,,,,,,,,,
,,,,,,,,,,,,,,,,,,,,,,,,,,,,,,,,,,,,,,,,,,,,,,,,,,,,,,,,,,,,,,,,,,,,,,,,,,,,,,,,,,,,,,,,,,,,,,,,,,,,,,,,,,,,,,,,,,,,,,,,,,,,,,,,,,,,,,,,,,,,,,,,,,,,,,,,,,,,,,,,,,,,,,,,,,,,,,
,,,,,,,,,,,,,,,,,,,,,,,,,,,,,,,,,,,,,,,,,,,,,,,,,,,,,,,,,,,,,,,,,,,,,,,,,,,,,,,,,,,,,,,,,,,,,,,,,,,,,,,,,,,,,,,,,,,,,,,,,,,,,,,,,,,,,,,,,,,,,,,,,,,,,,,,,,,,,,,,,,,,,,,,,,,,,,
,,,,,,,,,,,,,,,,,,,,,,,,,,,,,,,,,,,,,,,,,,,,,,,,,,,,,,,,,,,,,,,,,,,,,,,,,,,,,,,,,,,,,,,,,,,,,,,,,,,,,,,,,,,,,,,,,,,,,,,,,,,,,,,,,,,,,,,,,,,,,,,,,,,,,,,,,,,,,,,,,,,,,,,,,,,,,,
,,,,,,,,,,,,,,,,,,,,,,,,,,,,,,,,,,,,,,,,,,,,,,,,,,,,,,,,,,,,,,,,,,,,,,,,,,,,,,,,,,,,,,,,,,,,,,,,,,,,,,,,,,,,,,,,,,,,,,,,,,,,,,,,,,,,,,,,,,,,,,,,,,,,,,,,,,,,,,,,,,,,,,,,,,,,,,
,,,,,,,,,,,,,,,,,,,,,,,,,,,,,,,,,,,,,,,,,,,,,,,,,,,,,,,,,,,,,,,,,,,,,,,,,,,,,,,,,,,,,,,,,,,,,,,,,,,,,,,,,,,,,,,,,,,,,,,,,,,,,,,,,,,,,,,,,,,,,,,,,,,,,,,,,,,,,,,,,,,,,,,,,,,,,,
,,,,,,,,,,,,,,,,,,,,,,,,,,,,,,,,,,,,,,,,,,,,,,,,,,,,,,,,,,,,,,,,,,,,,,,,,,,,,,,,,,,,,,,,,,,,,,,,,,,,,,,,,,,,,,,,,,,,,,,,,,,,,,,,,,,,,,,,,,,,,,,,,,,,,,,,,,,,,,,,,,,,,,,,,,,,,,
,,,,,,,,,,,,,,,,,,,,,,,,,,,,,,,,,,,,,,,,,,,,,,,,,,,,,,,,,,,,,,,,,,,,,,,,,,,,,,,,,,,,,,,,,,,,,,,,,,,,,,,,,,,,,,,,,,,,,,,,,,,,,,,,,,,,,,,,,,,,,,,,,,,,,,,,,,,,,,,,,,,,,,,,,,,,,,
,,,,,,,,,,,,,,,,,,,,,,,,,,,,,,,,,,,,,,,,,,,,,,,,,,,,,,,,,,,,,,,,,,,,,,,,,,,,,,,,,,,,,,,,,,,,,,,,,,,,,,,,,,,,,,,,,,,,,,,,,,,,,,,,,,,,,,,,,,,,,,,,,,,,,,,,,,,,,,,,,,,,,,,,,,,,,,
,,,,,,,,,,,,,,,,,,,,,,,,,,,,,,,,,,,,,,,,,,,,,,,,,,,,,,,,,,,,,,,,,,,,,,,,,,,,,,,,,,,,,,,,,,,,,,,,,,,,,,,,,,,,,,,,,,,,,,,,,,,,,,,,,,,,,,,,,,,,,,,,,,,,,,,,,,,,,,,,,,,,,,,,,,,,,,
,,,,,,,,,,,,,,,,,,,,,,,,,,,,,,,,,,,,,,,,,,,,,,,,,,,,,,,,,,,,,,,,,,,,,,,,,,,,,,,,,,,,,,,,,,,,,,,,,,,,,,,,,,,,,,,,,,,,,,,,,,,,,,,,,,,,,,,,,,,,,,,,,,,,,,,,,,,,,,,,,,,,,,,,,,,,,,
